Datei,Folge,Jahr,Segment_Nr,Segment_ID,Start_Sekunden,Ende_Sekunden,Dauer_Sekunden,Dauer_Minuten,Content,Actor,Topic,Propaganda_Strategies,Visual_Technique,Audio,Notes
32110_1_1_DDW_511_BA.eaf,511,1940,1,a152,24.792,166.41,141.618,2.3603,"Luftkrieg über Le Havre, Frankreich, 1940. Deutsche Bomber und Sturzkampfflugzeuge greifen Le Havre, eine englisch-französische Transportflotte sowie Verkehrs- und Bahnanlagen an",Soldaten,Militär; Krieg,Heroisierung,Luftaufnahme; Symbolik; Totale,Musik; Originalton; Wertender Sprecher,
32110_1_1_DDW_511_BA.eaf,511,1940,2,a153,167.268,303.335,136.067,2.2677833333333335,"Einmarsch in Amiens, Frankreich, 1940. Einmarsch in Oisemont, Frankreich, 1940. Deutscher Vormarsch und Einmarsch in Amiens und Oisemont, zerstörte militärische und zivile Infrastruktur, abgeschossener feindlicher Panzer sowie deutsche Soldaten bei der Versorgung zurückgebliebenen Viehs",Soldaten,Militär; Krieg,Heroisierung,Animation; Totale; Kamerabewegung; Massendarstellung; Symbolik,Musik; Wertender Sprecher; Originalton,
32110_1_1_DDW_511_BA.eaf,511,1940,3,a154,304.742,568.052,263.31,4.3885,"Überquerung der Somme und Angriffe im Sommegebiet, Frankreich, 1940. Deutscher Angriff und Vormarsch im Sommegebiet; Artillerie- und Infanterieeinsatz, zerstörte französische Panzer, zahlreiche französische Gefangene sowie weiterer Vormarsch deutscher Truppen",Soldaten; französische Soldaten,Militär; Krieg,Heroisierung,Nahaufnahme; Symbolik; Kamerabewegung; Massendarstellung,Musik; Originalton; Wertender Sprecher,
32110_1_1_DDW_511_BA.eaf,511,1940,4,a155,569.178,767.56,198.382,3.3063666666666665,"Totale Zerstörung in Fécamp, Frankreich, 1940. Generäle und Gefangene in Saint Valery, Frankreich. Eroberung von Le Havre, Frankreich. Deutscher Vormarsch über Fécamp und Saint-Valery bis Le Havre; zerstörtes alliiertes Kriegsmaterial, gefangene französische und britische Soldaten und Generäle sowie weiterer deutscher Vormarsch über die Seine in Richtung Paris",Soldaten; französische Soldaten; britische Soldaten,Militär; Krieg,Heroisierung,Totale; Massendarstellung; Nahaufnahme; Kamerabewegung; Symbolik,Musik; Originalton; Wertender Sprecher,
32110_1_1_DDW_511_BA.eaf,511,1940,5,a156,767.72,1026.001,258.281,4.304683333333333,"Besetzung von Rouen, Frankreich, 1940. mpfhandlungen und Zerstörungen, französische Gefangene sowie deutsche Soldaten bei Löscharbeiten an der Kathedrale",Soldaten; französische Soldaten,Militär; Krieg,Heroisierung; Feindbildkonstruktion; Legitimierung,Luftaufnahme; Totale; Massendarstellung; Kamerabewegung; Symbolik,Musik; Wertender Sprecher; Originalton,Französischer WIderstand wird diffamiert
32110_1_1_DDW_511_BA.eaf,511,1940,6,a157,1027.632,1113.969,86.337,1.43895,"Versorgung durch die Nationalsozialistische Volkswohlfahrt, Frankreich, 1940. Deutsche Soldaten und NSV versorgen die französische Zivilbevölkerung mit Lebensmitteln und Getränken",NSDAP; Soldaten; französische Zivilbevölkerung,Heimatfront; Außenpolitik,Volksgemeinschaft; Legitimierung; Heroisierung; Feindbildkonstruktion,Massendarstellung; Totale; Kamerabewegung; Symbolik,Musik; Wertender Sprecher,
32110_1_1_DDW_511_BA.eaf,511,1940,7,a158,1115.372,1172.877,57.505,0.9584166666666667,"Organisation Todt bei Aufräumarbeiten und Besuch Hitlers, Frankreich, 1940",NSDAP; Soldaten; Arbeiter; Hitler,Wirtschaft; Militär; Außenpolitik,Personenkult,Totale; Massendarstellung; Symbolik; Kamerabewegung,Musik; Originalton; Publikumsreaktion,
32110_1_1_DDW_511_BA.eaf,511,1940,8,a159,1173.722,1272.312,98.59,1.6431666666666667,"Bombardement auf Péronne, Frankreich, 1940. Vormarsch durch Ortschaften, Frankreich.",Soldaten,Militär; Krieg,,Animation; Kamerabewegung; Nahaufnahme; Totale; Massendarstellung,Musik; Originalton,
32110_1_1_DDW_511_BA.eaf,511,1940,9,a160,1273.776,1326.898,53.122,0.8853666666666666,"Durchbruch durch die Weygand-Linie, Dritte Frankreich, 1940. Zerstörte französische Befestigungen und weiterer deutscher Vormarsch in Richtung Paris",Soldaten,Militär,Heroisierung,Nahaufnahme; Totale; Kamerabewegung; Symbolik,Musik; Originalton; Wertender Sprecher,
32110_1_1_DDW_511_BA.eaf,511,1940,10,a161,1328.185,1377.658,49.473,0.82455,"General Stumme macht Gefangene, Frankreich, 1940.",Soldaten; Stumme; französische Soldaten,Militär; Krieg,Heroisierung; Feindbildkonstruktion; Rassenideologie,Nahaufnahme; Massendarstellung; Totale; Symbolik,Musik; Wertender Sprecher,"ungewöhnliche Inszenierung, dass General Stumme persönlich Gefangene macht, Sprecher kommentiert insbesondere die kolonialen Truppen rassistisch"
32110_1_1_DDW_511_BA.eaf,511,1940,11,a162,1378.91,1517.09,138.18,2.303,"Gedenkstätte des deutschen Waffenstillstandes von 1918 in Compiègne, Frankreich, 1940. Deutscher Vormarsch bei Compiègne; Erinnerungsort des Waffenstillstands von 1918 wird gezeigt und ein Denkmal mit Hakenkreuzflagge bedeckt; anschließend weiterer Vormarsch Richtung Paris",Soldaten,Außenpolitik; Geschichte,Heroisierung; Feindbildkonstruktion,Totale; Kamerabewegung; Nahaufnahme; Massendarstellung; Symbolik,Musik; Wertender Sprecher,
32110_1_1_DDW_511_BA.eaf,511,1940,12,a164,1518.049,1622.203,104.154,1.7359,"Vormarsch, Frankreich, 1940. Deutscher Vormarsch über Chemin-des-Dames in Richtung Reims und Château-Thierry; Artillerievorbereitung und Überwindung von Flüssen, Kanälen und Schleusenanlagen",Soldaten,Militär,Heroisierung,Animation; Massendarstellung; Nahaufnahme; Totale; Kamerabewegung,Musik; Wertender Sprecher,
32110_1_1_DDW_511_BA.eaf,511,1940,13,a165,1623.027,1777.785,154.758,2.5793,"Übergang über die Aisne, Frankreich, 1940. Vormarsch durch die Champagne, Frankreich. Deutsche Truppen überqueren nach dem Bau einer Pontonbrücke die Aisne und setzen ihren Vormarsch durch die Champagne fort",Soldaten,Militär; Logistik,,Symbolik; Massendarstellung; Nahaufnahme; Kamerabewegung,Musik; Originalton,
32110_1_1_DDW_511_BA.eaf,511,1940,14,a166,1778.837,1843.978,65.141,1.0856833333333333,"Neuchâteau, Fort Brimont, Frankreich, 1940. Deutsche Artillerie greift Reims und Fort Brimont an; das Fort wird erobert, französische Soldaten gefangen genommen und die zerstörten Befestigungen gezeigt",Soldaten; französische Soldaten,Militär; Krieg,Heroisierung,Symbolik; Totale; Nahaufnahme; Kamerabewegung; Massendarstellung,Musik; Wertender Sprecher; Originalton,
32110_1_1_DDW_511_BA.eaf,511,1940,15,a167,1844.755,1922.977,78.222,1.3037,"Einmarsch in Reims, Frankreich, 1940.",Soldaten; französische Soldaten,Militär; Krieg,Heroisierung,Totale; Kamerabewegung; Massendarstellung; Symbolik; Nahaufnahme,Musik; Originalton; Wertender Sprecher,Einnahme der Stadt wird positiv dargestellt und gelobt
32110_1_1_DDW_511_BA.eaf,511,1940,16,a168,1925.357,1995.944,70.587,1.17645,"Tagnon, Frankreich, 1940. Brennende Häuser und Straßensperren sowie französische Gefangene und zurückgelassenes französisches Kriegsmaterial",Soldaten; französische Soldaten,Militär; Krieg,Heroisierung,Nahaufnahme; Totale; Massendarstellung,Musik; Wertender Sprecher; Originalton,
32110_1_1_DDW_511_BA.eaf,511,1940,17,a169,1997.225,2265.081,267.856,4.464266666666667,"Einmarsch in Château-Thierry, Übergang über die Marne mit Panzern, Frankreich, Generalleutnant Ritter von Speck, Kommandeur des XVIII. Armeekorps, im Gespräch mit seinen Soldaten 1940. Deutsche Truppen nehmen Château-Thierry ein und überschreiten die Marne; französische Soldaten werden gefangen genommen und deutsche Panzer setzen den Vormarsch fort",Soldaten; französische Soldaten; Speck,Militär; Krieg,Heroisierung; Opferbereitschaft und Durchhalten,Nahaufnahme; Kamerabewegung; Totale; Massendarstellung,Musik; Originalton; Wertender Sprecher,
32110_1_1_DDW_511_BA.eaf,511,1940,18,a170,2266.541,2388.12,121.579,2.0263166666666668,"Einmarsch in Versailles, Frankreich, Einmarsch in Paris 1940. Hissen der Hakenkreuzflagge im Schloss Versailles. Hissen der Reichskriegsflagge auf dem Eiffelturm.",Soldaten,Militär; Krieg,Heroisierung,Symbolik; Nahaufnahme; Massendarstellung; Totale; Kamerabewegung,Musik; Originalton; Wertender Sprecher,
32110_1_1_DDW_511_BA.eaf,511,1940,19,a171,2389.42,2588.64,199.22,3.320333333333333,Rückblick auf die französische Nationalfeiertagsparade 14.07.1939 mit britischen Soldaten; anschließend Einmarsch und Parade deutscher Truppen durch Paris.,Soldaten; französische Soldaten; britische Soldaten; französische Zivilbevölkerung,Militär; Außenpolitik,Heroisierung; Feindbildkonstruktion,Symbolik; Nahaufnahme; Massendarstellung; Totale; Kamerabewegung,Musik; Wertender Sprecher,
32110_1_1_DDW_511_BA.eaf,511,1940,20,a172,2590.129,2653.012,62.883,1.04805,"Soldaten nach dem Durchbruch bei Verdun, Frankreich, 1940. Lachende deutsche Soldaten setzen nach dem erfolgreichen Durchbruch bei Verdun ihren Vormarsch fort",Soldaten,Militär,Heroisierung,Nahaufnahme; Massendarstellung; Totale,Musik; Wertender Sprecher,"Das ""Frankreich-Lied"" läuft im Hintergrund"
22967_1_1_DDW_520_BA.eaf,520,1940,1,a150,9.26,302.841,293.581,4.893016666666667,"Vorfilm: Luftschutzunterricht zur Brandbombenbekämpfung. Luftschutzwart demonstriert den Umgang mit Brandbomben, Löschgeräten und das Verhalten bei Bränden während eines Luftangriffs und ruft zur gegenseitigen Hilfe auf",Zivilbevölkerung,Heimatfront,Volksgemeinschaft,Nahaufnahme; Kamerabewegung,Originalton,
22967_1_1_DDW_520_BA.eaf,520,1940,2,a151,314.034,382.101,68.067,1.13445,"Radländerkampf in Wangen im Allgäu, Deutsches Reich, 1940. Internationaler Radländerkampf zwischen Deutschland, Italien, Jugoslawien und Ungarn in Wangen im Allgäu vor zahlreichen Zuschauern",Sportler; Zivilbevölkerung,Sport; Kultur,,Kamerabewegung; Nahaufnahme; Totale,Musik,
22967_1_1_DDW_520_BA.eaf,520,1940,3,a152,384.595,440.737,56.142,0.9357,"Austragung der Kanumeisterschaften am Starnberger See, Deutsches Reich, 1940",Sportler; Zivilbevölkerung,Sport; Kultur,,Totale; Massendarstellung,Musik,
22967_1_1_DDW_520_BA.eaf,520,1940,4,a153,442.049,505.196,63.147,1.05245,"Deutsche Ostmesse in Königsberg, Deutsches Reich, 1940",Zivilbevölkerung; ausländische Zivilbevölkerung,Wirtschaft,,Symbolik; Massendarstellung; Luftaufnahme; Totale; Kamerabewegung,Musik,
22967_1_1_DDW_520_BA.eaf,520,1940,5,a154,507.02,612.1,105.08,1.7513333333333334,"Chemische Werke in Leuna, Deutsches Reich, 1940.",Arbeiter,Wirtschaft,,Totale; Nahaufnahme,Musik,
22967_1_1_DDW_520_BA.eaf,520,1940,6,a155,614.004,691.087,77.083,1.2847166666666667,"Ausschlachtung erbeuteter Fahrzeuge, 1940. Erbeutete und zerstörte Fahrzeuge aus dem Frankreichfeldzug werden gesammelt, ausgeschlachtet und zur Wiederverwertung in Einzelteile und Schrott zerlegt",Arbeiter,Wirtschaft,,Nahaufnahme; Massendarstellung; Totale; Kamerabewegung,Musik,
22967_1_1_DDW_520_BA.eaf,520,1940,7,a156,692.445,807.781,115.336,1.9222666666666666,"Rüstungsarbeiter besuchen Flak-Stellungen, Deutsches Reich, 1940. Rüstungsarbeiter besuchen im Rahmen der KdF-Wehrmachtsbetreuung Flakstellungen und erleben die von ihnen selbst produzierten Waffen bei Vorführung und Einsatz",Arbeiter; Soldaten; NSDAP,Heimatfront; Wirtschaft,Volksgemeinschaft; Heroisierung,Totale; Massendarstellung,Musik; Wertender Sprecher; Originalton,KDF= Kraft durch Freude- Wehrmachtbetreuung
22967_1_1_DDW_520_BA.eaf,520,1940,8,a157,808.679,899.299,90.62,1.5103333333333333,"Freizeitbeschäftigung deutscher Soldaten, Frankreich, 1940. Alltag und Freizeit deutscher Soldaten im besetzten Frankreich mit Waffen- und Kleidungspflege sowie Sport und Baden an der Küste",Soldaten,Militär,,Totale; Massendarstellung; Nahaufnahme; Kamerabewegung,Musik; Wertender Sprecher,
22967_1_1_DDW_520_BA.eaf,520,1940,9,a158,900.317,961.954,61.637,1.0272833333333333,"Brauchitsch besucht ein Lazarett, 1940.",Soldaten; Krankenschwestern; von Brauchitsch,Militär; Heimatfront,Volksgemeinschaft; Heroisierung,Nahaufnahme; Symbolik; Kamerabewegung,Musik,
22967_1_1_DDW_520_BA.eaf,520,1940,10,a159,963.605,1042.532,78.927,1.31545,"Ehrung der neuen Generalfeldmarschälle in der Reichskanzlei, Berlin, Deutsches Reich 1940. Hitler überreicht am 19.07.1940 in der Reichskanzlei Reichsmarschall Göring und den neuernannten Generalfeldmarschällen die Marschallstäbe.",Hitler; Göring; NSDAP; Soldaten,Militär; Innenpolitik,Heroisierung; Personenkult,Nahaufnahme; Totale; Kamerabewegung; Symbolik,Musik; Wertender Sprecher,
22967_1_1_DDW_520_BA.eaf,520,1940,11,a160,1043.532,1103.0,59.468,0.9911333333333333,"Besichtigung der militärischen Einrichtungen des italienischen Heeres, Italien, 1940",Soldaten; Italienische Soldaten,Militär; Außenpolitik,,Nahaufnahme; Totale; Kamerabewegung,Musik; Originalton,
22967_1_1_DDW_520_BA.eaf,520,1940,12,a161,1104.2,1141.117,36.917,0.6152833333333333,"Einlaufendes italienisches U-Boot, Italien, 1940. Italienisches U-Boot kehrt vom Einsatz zurück und wird von Zuschauern empfangen; Symbole verweisen auf versenkte britische Schiffe",Italienische Soldaten; italienische Zivilbevölkerung,Militär,Heroisierung; Feindbildkonstruktion,Totale; Massendarstellung; Kamerabewegung,Musik; Wertender Sprecher; Publikumsreaktion; Originalton,
22967_1_1_DDW_520_BA.eaf,520,1940,13,a162,1142.542,1330.433,187.891,3.1315166666666667,"Bombenabwürfe über Britisch-Somaliland, 1940. Italienische Bomber werden für einen Einsatz vorbereitet und greifen britische Schiffe, Lager und Stellungen in Britisch-Somaliland an",Italienische Soldaten,Militär; Krieg,Heroisierung; Feindbildkonstruktion,Luftaufnahme; Nahaufnahme; Totale,Musik; Originalton; Wertender Sprecher,"Bomben im Sand u.a. mit den Aufschriften: „W. Churchill“, „Buckingham Palace“, L´Home Fleet"", „Uovo di Pasqua“, „Alcaro Eden“ und „Royal Air Force“."
22967_1_1_DDW_520_BA.eaf,520,1940,14,a163,1332.042,1656.92,324.878,5.414633333333334,"Einsatz schwerer deutscher Artillerie, Frankreich, 1940",Soldaten,Militär,,Nahaufnahme; Totale; Kamerabewegung,Musik; Originalton,
22967_1_1_DDW_520_BA.eaf,520,1940,15,a164,1658.649,1914.671,256.022,4.267033333333333,"Bombenabwürfe über der Insel Wight, Großbritannien, 1940",Soldaten,Militär; Krieg,Heroisierung,Luftaufnahme; Nahaufnahme,Musik; Originalton; Wertender Sprecher,
32142_1_1_DDW_533_BA.eaf,533,1940,1,a112,22.993,59.015,36.022,0.6003666666666667,"Ausbau Hsinkings, Mandschuko, 1940. Ausbau Hsingkings von einer Provinzstadt zur modernen Großstadt.",Arbeiter,Außenpolitik; Wirtschaft,Legitimierung; Heroisierung,Totale; Kamerabewegung,Musik; Wertender Sprecher,Der Sprecher führt die Entwicklung auf die japanische Führung zurück
32142_1_1_DDW_533_BA.eaf,533,1940,2,a113,60.586,111.72,51.134,0.8522333333333333,"Durchmarschrecht durch Indochina für japanische Truppen, Französisch-Indochina, 1940. Japanisch-französische Verhandlungen über das Durchmarschrecht das Vorgehen wird als Beitrag zur „schnellen Befriedung des Fernen Ostens“ dargestellt",Japanische Soldaten; französische Soldaten,Außenpolitik; Militär,Legitimierung,Symbolik; Massendarstellung; Totale; Kamerabewegung; Nahaufnahme,Musik; Originalton; Wertender Sprecher,
32142_1_1_DDW_533_BA.eaf,533,1940,3,a114,112.672,136.575,23.903,0.3983833333333333,"Vorbeimarsch der „Nationalsozialistischen Bewegung in den Niederlanden“ durch Amsterdam, Reichskommissariat Niederlande, 1940",Mussert; NSB,Außenpolitik,Personenkult,Nahaufnahme; Massendarstellung; Totale; Symbolik,Musik; Originalton; Wertender Sprecher,NSB = Nationalsozialistische Bewegung
32142_1_1_DDW_533_BA.eaf,533,1940,4,a115,137.254,186.715,49.461,0.82435,Slowakische Segelflieger beim Start und Flug eines Segelflugzeugs in der Hohen Tatra. Neue Segelfliegerlager entstanden,Slowakische Flieger; deutsche Flieger,Kultur; Außenpolitik,Volksgemeinschaft,Luftaufnahme; Totale; Nahaufnahme,Musik; Wertender Sprecher; Originalton,Verbundenheit mit deutschen Fliegern und ihre Ausbildung durch den NS-Fliegerkorps werden hervorgehoben
32142_1_1_DDW_533_BA.eaf,533,1940,5,a116,187.287,285.562,98.275,1.6379166666666667,"Turnländerkampf Deutschland/Finnland, Berlin, Deutsches Reich, 1940",Sportler; finnische Sportler,Sport; Kultur,,Totale; Nahaufnahme; Massendarstellung,Musik,
32142_1_1_DDW_533_BA.eaf,533,1940,6,a117,287.16,371.069,83.909,1.3984833333333333,"Trauerfeier für den Intendanten des deutschen Kurzwellensenders Dr. Raskin, Berlin, Deutsches Reich, 1940",Goebbels; Raskin; NSDAP; Zivilbevölkerung,Innenpolitik; Kultur,Heroisierung,Nahaufnahme; Massendarstellung; Totale; Kamerabewegung; Symbolik,Musik; Wertender Sprecher,
32142_1_1_DDW_533_BA.eaf,533,1940,7,a118,372.564,485.417,112.853,1.8808833333333332,"Reichsregierung empfängt Front- und Rüstungsarbeiter, Berlin, Deutsches Reich, 1940, Rede von Hitler",Hitler; Arbeiter; Goebbels; Todt,Heimatfront; Innenpolitik,Volksgemeinschaft; Personenkult; Opferbereitschaft und Durchhalten,Massendarstellung; Nahaufnahme; Symbolik; Kamerabewegung,Musik; Wertender Sprecher,
32142_1_1_DDW_533_BA.eaf,533,1940,8,a119,487.988,625.952,137.964,2.2994,"Volkskommissar Molotow zu Besuch in Berlin, Deutsches Reich, 1940. Der sowjetische Außenminister Wjatscheslaw Michailowitsch Molotow wird in Berlin am Anhalter Bahnhof von Außenminister Joachim von Ribbentrop empfangen",Molotow; Ribbentrop; Hitler; Keitel; Göring; NSDAP,Außenpolitik; Diplomatie,,Massendarstellung; Nahaufnahme; Symbolik,Musik; Wertender Sprecher; Originalton,
32142_1_1_DDW_533_BA.eaf,533,1940,9,a120,627.333,704.812,77.479,1.2913166666666667,"Straßenbau im Generalgouvernement, 1940",Arbeiter,Wirtschaft,Legitimierung,Totale; Nahaufnahme; Kamerabewegung,Musik; Wertender Sprecher; Originalton,
32142_1_1_DDW_533_BA.eaf,533,1940,10,a121,706.55,756.339,49.789,0.8298166666666666,"Bau neuer Siedlungen im Reichsgau Wartheland, 1940. Bau moderner Arbeitersiedlungen bei Posen im Rahmen des „Aufbauprogramms im Osten“",Arbeiter,Wirtschaft; Heimatfront,Legitimierung; Volksgemeinschaft,Kamerabewegung; Totale; Nahaufnahme; Massendarstellung; Symbolik,Musik; Wertender Sprecher,
32142_1_1_DDW_533_BA.eaf,533,1940,11,a122,758.016,949.3,191.284,3.188066666666667,"Kinderlandverschickung, Reichsgau Wartheland/Bayerische Ostmark/Schlesien, Deutsches Reich, 1940",Eltern; Kinder,Heimatfront,Volksgemeinschaft,Massendarstellung; Totale; Nahaufnahme; Kamerabewegung; Symbolik,Musik; Wertender Sprecher; Originalton,
32142_1_1_DDW_533_BA.eaf,533,1940,12,a123,952.559,1077.714,125.155,2.085916666666667,"Deutsche Flak bei der Abwehr eines englischen Luftangriffes, Berlin, Deutsches Reich, 1940",Soldaten; britische Soldaten,Militär; Krieg,Heroisierung,Luftaufnahme; Nahaufnahme; Kamerabewegung; Symbolik,Musik; Wertender Sprecher; Originalton,
32142_1_1_DDW_533_BA.eaf,533,1940,13,a124,1078.876,1278.109,199.233,3.32055,"Soldantengräber im Ausland zum „Jahrestag von Langemarck“, Flandern, Militärverwaltung in Belgien und Nordfrankreich/Oslo/Jössingfjord, Reichskommissariat Norwegen/Reichskommissariat Niederlande/Frankreich, 1940",Soldaten,Militär,Heroisierung; Opferbereitschaft und Durchhalten,Massendarstellung; Symbolik; Nahaufnahme; Kamerabewegung; Totale,Musik; Wertender Sprecher,
32142_1_1_DDW_533_BA.eaf,533,1940,14,a125,1279.676,1419.251,139.575,2.32625,"Panzerpioniere beim Brückenbau, Deutsches Reich, 1940",Soldaten,Militär,Heroisierung,Kamerabewegung; Totale; Nahaufnahme; Massendarstellung,Musik; Wertender Sprecher,Sprecher lobt die schnelle Arbeit und den Dienst für schnelle Einsätze
32142_1_1_DDW_533_BA.eaf,533,1940,15,a126,1421.011,1514.141,93.13,1.5521666666666667,"Wache der Küstenartillerie an der Ärmelkanalküste, Frankreich, 1940. Soldaten beziehen Gefechtsstellung, richten und laden die Geschütze und eröffnen das Feuer",Soldaten; britische Soldaten,Militär; Krieg,Heroisierung,Nahaufnahme; Massendarstellung; Kamerabewegung; Symbolik; Totale,Musik; Wertender Sprecher; Originalton,Sprecher: schneller Einsatz und erfolgreich
32142_1_1_DDW_533_BA.eaf,533,1940,16,a127,1515.47,1649.871,134.401,2.2400166666666665,"Angriff der Luftwaffe auf einen englischen Geleitzug, Großbritannien, 1940. Deutsche Ju 88 greifen einen britischen Geleitzug an der englischen Ostküste im Tiefflug an",Soldaten; britische Soldaten,Militär; Krieg,Heroisierung; Feindbildkonstruktion,Nahaufnahme; Symbolik; Luftaufnahme; Totale; Kamerabewegung,Musik; Wertender Sprecher; Originalton,"unterlegt ist das Lied: „Bomben auf Engeland“, Luftwaffe wird gelobt"
45755_1_1_DDW_559_BA_TC.eaf,559,1941,1,a67,21.545,85.0,63.455,1.0575833333333333,"Produktion in einem japanischen Rüstungsbetrieb, Japan, 1941",Fabrikarbeiter:innen,Rüstungsproduktion; Wirtschaft,Legitimierung,Produktionsmontage; Nahaufnahme; Totale; Kamerabewegung,Musik; Wertender Sprecher,
45755_1_1_DDW_559_BA_TC.eaf,559,1941,2,a68,86.455,120.136,33.681,0.56135,"Japanische Kadetten erhalten ihre Offiziersdiplome von Kaiser Hirohito in Toyooka, Japan, 1941.",Japanische Soldaten; Kadetten; Kaiser Hirohito,Militär,Personenkult,Massendarstellung; Nahaufnahme; Symbolik; Kamerabewegung; Totale,Musik,Kaiser Hirohitos Inszenierung
45755_1_1_DDW_559_BA_TC.eaf,559,1941,3,a82,120.423,192.096,71.673,1.19455,"Anton Mussert besichtigt Wehrabteilungen in Utrecht, Reichskommissariat Niederlande, 1941",Anton Mussert; Wehrmacht; niederländische SS und Jugendgruppe NSB; Zivilbevölkerung,Militär; Außenpolitik,Personenkult,Totale; Massendarstellung; Kamerabewegung; Nahaufnahme; Symbolik,Musik; Originalton,Hitlergrüße zu Mussert
45755_1_1_DDW_559_BA_TC.eaf,559,1941,4,a83,192.632,228.895,36.263,0.6043833333333334,"Hitler verleiht SS-Hauptsturmführer Klingenberg das Ritterkreuz auf dem Berghof, Obersalzberg, Deutsches Reich, 1941",Hitler; Klingenberg; SS,Militär,Heroisierung,Kamerabewegung; Nahaufnahme; Symbolik,Musik,
45755_1_1_DDW_559_BA_TC.eaf,559,1941,5,a84,230.895,267.053,36.158,0.6026333333333334,"Antrittsbesuch des ersten kroatischen Gesandten Branko Benzon bei Hitler am 08.05.1941, Berlin, Deutsches Reich, 1941",Hitler; Benzon; Regierungsmitglieder,Außenpolitik; Diplomatie,,Nahaufnahme; Kamerabewegung; Symbolik,Musik,
45755_1_1_DDW_559_BA_TC.eaf,559,1941,6,a85,269.421,325.053,55.632,0.9272,"Fest einer Stuka-Staffel in Kroatien, Jugoslawien, 1941",Soldaten; jugoslawische Zivilbevölkerung; jugoslawische Frauen,Kultur; Militär,,Massendarstellung; Nahaufnahme; Symbolik; Kamerabewegung,Musik; Originalton; Wertender Sprecher,
45755_1_1_DDW_559_BA_TC.eaf,559,1941,7,a86,325.789,359.579,33.79,0.5631666666666667,"Nachschublieferung im Hafen von Piräus, Griechenland, 1941",Matrosen; Soldaten,Militär,,Totale; Kamerabewegung,Musik,
45755_1_1_DDW_559_BA_TC.eaf,559,1941,8,a87,360.053,449.0,88.947,1.48245,"Gefangenenlager, Griechenland, 1941",deutsche Soldaten; gefangene britische; indische und arabische Hilfsvölker; serbische Offiziere; Gruppe emigrierter Juden,Militär; Außenpolitik,Feindbildkonstruktion; Legitimierung,Kamerabewegung; Totale; Massendarstellung; Nahaufnahme; Symbolik,Musik; Wertender Sprecher,
45755_1_1_DDW_559_BA_TC.eaf,559,1941,9,a88,449.316,564.632,115.316,1.9219333333333333,"Walther von Brauchitsch bei Truppenbesichtigungen, Griechenland, 1941",Brauchitsch; Soldaten,Militär,Heroisierung,Kamerabewegung; Nahaufnahme; Symbolik; Massendarstellung,Musik; Originalton; Wertender Sprecher,
45755_1_1_DDW_559_BA_TC.eaf,559,1941,10,a89,564.895,600.684,35.789,0.5964833333333334,"Flieger beim Segeln in der Ägäis, Griechenland, 1941",Soldaten,Militär,,Totale; Nahaufnahme; Massendarstellung; Kamerabewegung,Musik; Originalton,
45755_1_1_DDW_559_BA_TC.eaf,559,1941,11,a90,601.579,681.053,79.474,1.3245666666666667,"Deutsche Soldaten besichtigen antike Stätten in Delphi, Griechenland, 1941",Soldaten,Militär; Kultur,Heroisierung,Nahaufnahme; Totale; Symbolik; Kamerabewegung,Musik,
45755_1_1_DDW_559_BA_TC.eaf,559,1941,12,a91,685.0,812.474,127.474,2.1245666666666665,"Produktion von Junkers-Kampfflugzeugen in Dessau, Deutsches Reich, 1941",Arbeiter,Militär; Krieg; Rüstungsproduktion; Wirtschaft,Volksgemeinschaft,Montageaufnahme; Kamerabewegung; Totale; Nahaufnahme; Massendarstellung; Symbolik,Musik; Originalton; Wertender Sprecher,Inszenierung effizienter Rüstungsproduktion; Montageprozess führt narrativ von der Produktion der Ju 88 bis zum militärischen Einsatz
45755_1_1_DDW_559_BA_TC.eaf,559,1941,13,a92,814.789,912.895,98.106,1.6351,"Bau von Schnellbooten auf einer Werft, Deutsches Reich, 1941",Arbeiter; Soldaten,Rüstungsproduktion; Militär; Wirtschaft,Heroisierung,Nahaufnahme; Kamerabewegung; Totale; Symbolik,Musik; Originalton; Wertender Sprecher,
45755_1_1_DDW_559_BA_TC.eaf,559,1941,14,a93,913.895,998.105,84.21,1.4035,"Deutsche Fernkampfartillerie an der Ärmelkanalküste, Militärverwaltung in Belgien und Nordfrankreich, 1941. Soldaten feuern Geschütze ab",Soldaten,Krieg; Militär,Heroisierung,Nahaufnahme; Kamerabewegung,Wertender Sprecher; Musik; Originalton,positive Hervorhebung des militärischen Erfolgs
45755_1_1_DDW_559_BA_TC.eaf,559,1941,15,a94,999.0,1159.211,160.211,2.670183333333333,"Deutsche Kriegsmarine im Golf von Biskaya, Frankreich, 1941",Soldaten,Krieg; Militär,,Nahaufnahme; Massendarstellung; Symbolik; Kamerabewegung,Musik; Originalton,
45755_1_1_DDW_559_BA_TC.eaf,559,1941,16,a95,1159.632,1213.158,53.526,0.8921,"Vorpostenboot an der Küste, Deutsches Reich, 1941. Angriff von britischen Fliegern",Soldaten; britische Flieger,Krieg; Militär,Heroisierung; Feindbildkonstruktion,Symbolik; Nahaufnahme,Originalton; Musik; Wertender Sprecher,
45755_1_1_DDW_559_BA_TC.eaf,559,1941,17,a96,1213.474,1282.579,69.105,1.15175,"Luftkrieg gegen England über dem Ärmelkanal, Frankreich, 1941",Müncheberg; Soldaten; britische Flieger,Krieg; Militär,Heroisierung,Nahaufnahme; Luftaufnahme; Kamerabewegung; Totale,Originalton; Musik,Hinweis auf 40. Flugzeugabschuss durch Müncheberg
29149_1_1_DDW_568_BA.eaf,568,1941,1,a188,1.73,111.133,109.403,1.8233833333333334,Vorspann: Aufruf zur Reichsspinnstoffsammlung vom 28.07. – 23.08.1941.,Arbeiter,Wirtschaft; Heimatfront,Volksgemeinschaft,Totale; Nahaufnahme,Musik,
29149_1_1_DDW_568_BA.eaf,568,1941,2,a189,171.093,268.053,96.96,1.616,"Empfang einer Fallschirmjägereinheit in der „Garnisonsstadt Goslar“, Deutsches Reich, 1941.",Soldaten; Zivilbevölkerung; Bund Deutscher Mädel; Hitlerjugend,Militär; Heimatfront,Heroisierung; Volksgemeinschaft,Symbolik; Massendarstellung; Nahaufnahme; Kamerabewegung; Totale,Musik; Originalton; Wertender Sprecher,
29149_1_1_DDW_568_BA.eaf,568,1941,3,a190,269.526,376.093,106.567,1.7761166666666666,"Europäische Freiwilligenverbände für den Russlandfeldzug, Militärverwaltung in Belgien und Nordfrankreich / Paris, Frankreich / Irun, Spanien / Heilbronn, Deutsches Reich, 1941. Belgische, französische, spanische und italienische Freiwilligenverbände werden für den Einsatz an der Ostfront angeworben, verpflichtet und auf ihrem Weg zur Front verabschiedet bzw. empfangen",Soldaten; belgische Zivilbevölkerung; italienische Zivilbevölkerung; französische Zivilbevölkerung; spanische Zivilbevölkerung; Bund Deutscher Mädel; Hitlerjugend,Militär; Außenpolitik,Volksgemeinschaft; Feindbildkonstruktion,Massendarstellung; Symbolik; Nahaufnahme; Totale,Musik; Wertender Sprecher; Originalton; Publikumsreaktion,
29149_1_1_DDW_568_BA.eaf,568,1941,4,a191,377.069,416.383,39.314,0.6552333333333333,"Vormarsch deutscher und finnischer Truppen zum Ladogasee, Finnland / Karelo-Finnische Sozialistische Sowjetrepublik, Sowjetunion, 1941",Soldaten; finnische Soldaten,Militär,,Animation; Totale; Nahaufnahme; Kamerabewegung,Musik,
29149_1_1_DDW_568_BA.eaf,568,1941,5,a192,417.761,505.995,88.234,1.4705666666666666,"Deutscher Luftangriff auf sowjetische Truppenverbände ostwärts des Pruth, Moldauische Sozialistische Sowjetrepublik, Sowjetunion, 1941.",Soldaten; Krieg,Militär,Heroisierung; Feindbildkonstruktion,Animation; Luftaufnahme; Nahaufnahme,Musik; Wertender Sprecher,
29149_1_1_DDW_568_BA.eaf,568,1941,6,a193,506.635,612.286,105.651,1.76085,"Einmarsch deutscher Truppen in Bălți, Moldauische Sozialistische Sowjetrepublik, Sowjetunion, 1941.",Soldaten; rumänische Soldaten,Militär,Heroisierung,Animation; Massendarstellung; Symbolik; Totale; Nahaufnahme,Musik; Originalton; Wertender Sprecher,
29149_1_1_DDW_568_BA.eaf,568,1941,7,a194,614.097,651.602,37.505,0.6250833333333333,"Slowakische Verbände auf dem Vormarsch über Rudky in Richtung Kiew, Ukrainische Sozialistische Sowjetrepublik, Sowjetunion, 1941.",Slowakische Soldaten; Zivilbevölkerung,Militär,Legitimierung; Heroisierung,Symbolik; Totale; Nahaufnahme; Kamerabewegung; Massendarstellung,Musik; Wertender Sprecher,werden als Befreier tituliert
29149_1_1_DDW_568_BA.eaf,568,1941,8,a195,652.809,695.088,42.279,0.70465,"Exhumierung ermordeter Zivilisten in Lemberg, Ukrainische Sozialistische Sowjetrepublik, Sowjetunion, 1941.",Zivilbevölkerung; jüdische Männer; Slowakische Soldaten,Militär; Außenpolitik,Feindbildkonstruktion; Dämonisierung,Nahaufnahme; Kamerabewegung; Totale,Musik; Wertender Sprecher; Originalton,"Zivilbevölkerung Opfer von GPU-Bestien, grausam ermordet oder verscharrt"
29149_1_1_DDW_568_BA.eaf,568,1941,9,a196,696.186,783.975,87.789,1.46315,"Waffen-SS im Angriff auf ein ukrainisches Dorf vor Kiew, Ukrainische Sozialistische Sowjetrepublik, Sowjetunion, 1941.",SS; Sowjetische Soldaten,Militär; Krieg,Heroisierung; Feindbildkonstruktion,Nahaufnahme; Totale; Kamerabewegung,Originalton; Wertender Sprecher; Musik,Tod des Kameramanns
29149_1_1_DDW_568_BA.eaf,568,1941,10,a197,785.002,868.295,83.293,1.3882166666666667,"Deutsche Verbände im Kampfeinsatz vor Zwiahel, Ukrainische Sozialistische Sowjetrepublik, Sowjetunion, 1941",Soldaten,Militär; Krieg,Heroisierung,Totale; Nahaufnahme,Musik; Wertender Sprecher,
29149_1_1_DDW_568_BA.eaf,568,1941,11,a198,870.026,948.765,78.739,1.3123166666666666,"Panzergefecht zwischen deutschen und sowjetischen Verbänden an der Ostfront am Dnepr bei Kiew, Ukrainische Sozialistische Sowjetrepublik, Sowjetunion, 1941. Zerstörte sowjetische Panzer und ein zerstörter Panzerzug werden als Ergebnis der Kämpfe gezeigt",Soldaten; Sowjetische Soldaten; sowjetische Zivilbevölkerung,Militär; Krieg,Heroisierung,Massendarstellung; Nahaufnahme; Kamerabewegung; Totale,Musik; Originalton; Wertender Sprecher,Errungenschaften über Ausschaltung wird gelobt
29149_1_1_DDW_568_BA.eaf,568,1941,12,a199,950.199,1058.9,108.701,1.8116833333333333,"Deutscher Luftangriff auf sowjetische Nachschubstraßen im Raum Smolensk, Russische Sozialistische Föderative Sowjetrepublik, Sowjetunion, 1941.",Soldaten,Militär,Heroisierung,Animation; Luftaufnahme; Totale; Kamerabewegung,Musik; Originalton; Wertender Sprecher,
29149_1_1_DDW_568_BA.eaf,568,1941,13,a200,1060.776,1160.7,99.924,1.6654,"Deutsche Gefangenensammelstelle an der Ostfront bei Minsk, Weißrussische Sozialistische Sowjetrepublik, Sowjetunion, 1941.",Soldaten; Sowjetische Soldaten,Militär; Krieg,Dämonisierung; Feindbildkonstruktion; Heroisierung; Rassenideologie,Massendarstellung; Totale; Nahaufnahme,Musik; Wertender Sprecher,"Gefangene werden beleidigt als Untermenschen, tödliche Gefahr für Deutschland und mehr"
29149_1_1_DDW_568_BA.eaf,568,1941,14,a201,1163.628,1211.504,47.876,0.7979333333333334,"Stadtansichten im eroberten Minsk, Weißrussische Sozialistische Sowjetrepublik, Sowjetunion, 1941.",Soldaten; sowjetische Zivilbevölkerung,Militär; Krieg,Heroisierung; Feindbildkonstruktion,Symbolik; Totale; Nahaufnahme,Musik; Wertender Sprecher,
29149_1_1_DDW_568_BA.eaf,568,1941,15,a202,1212.667,1256.066,43.399,0.7233166666666667,"Deutscher Tross beim Vormarsch unter schwierigen Bedingungen östlich von Minsk, Weißrussische Sozialistische Sowjetrepublik, Sowjetunion, 1941.",Soldaten; Arbeiter,Militär; Logistik,Feindbildkonstruktion; Dämonisierung,Nahaufnahme; Totale; Massendarstellung; Kamerabewegung,Musik; Wertender Sprecher,Sowjetische Straßen werden schlecht geredet
29149_1_1_DDW_568_BA.eaf,568,1941,16,a203,1258.747,1352.923,94.176,1.5696,"Straßenkämpfe beim Vorstoß auf Smolensk, Russische Sozialistische Föderative Sowjetrepublik, Sowjetunion, 1941.",Soldaten,Militär; Krieg,Feindbildkonstruktion,Totale; Nahaufnahme; Kamerabewegung; Massendarstellung,Musik; Wertender Sprecher; Originalton,Behauptung: Verbrannte Erde Taktik durch Stalin
29149_1_1_DDW_568_BA.eaf,568,1941,17,a204,1353.79,1487.863,134.073,2.23455,"Luftkampf deutscher und sowjetischer Kampfflugzeuge an der Ostfront, Sowjetunion, 1941.",Soldaten; Sowjetische Soldaten,Militär; Krieg,Heroisierung,Luftaufnahme; Nahaufnahme; Totale,Musik; Originalton; Wertender Sprecher,
29149_1_1_DDW_568_BA.eaf,568,1941,18,a205,1489.071,1591.99,102.919,1.7153166666666666,"Deutsche Soldaten bei der Rast an der Ostfront vor dem Angriff auf die „Stalinlinie“, Russische Sozialistische Föderative Sowjetrepublik, Sowjetunion, 1941.",Soldaten,Militär,,Animation; Massendarstellung; Nahaufnahme,Musik,
29149_1_1_DDW_568_BA.eaf,568,1941,19,a206,1592.817,1807.891,215.074,3.5845666666666665,"Angriff deutscher Stoßtrupps auf sowjetische Befestigungen an der „Stalinlinie“, Russische Sozialistische Föderative Sowjetrepublik, Sowjetunion, 1941. Überwinden Hindernisse und führen anschließend sowjetische Gefangene ab",Soldaten; Sowjetische Soldaten,Militär; Krieg,Heroisierung,Totale; Massendarstellung; Nahaufnahme; Kamerabewegung,Musik; Originalton; Wertender Sprecher,
29149_1_1_DDW_568_BA.eaf,568,1941,20,a207,1808.964,1899.47,90.506,1.5084333333333333,"Deutsche Truppen im Kampeinsatz vor Witebsk, Weißrussische Sozialistische Sowjetrepublik, Sowjetunion, 1941.",Soldaten; Sowjetische Soldaten,Militär; Krieg,Heroisierung; Feindbildkonstruktion,Totale; Massendarstellung; Nahaufnahme,Originalton; Wertender Sprecher,
29149_1_1_DDW_568_BA.eaf,568,1941,21,a208,1900.647,1979.51,78.863,1.3143833333333332,"Einmarsch deutscher Truppen in Ostrow, Russische Sozialistische Föderative Sowjetrepublik, Sowjetunion, 1941.",Soldaten,Militär; Krieg,Heroisierung; Feindbildkonstruktion,Nahaufnahme; Kamerabewegung,Musik; Wertender Sprecher,
29149_1_1_DDW_568_BA.eaf,568,1941,22,a209,1980.941,2132.041,151.1,2.5183333333333335,"Vormarsch deutscher Truppen im Raum Peipussee auf Pleskau, Estnische Sozialistische Sowjetrepublik / Russische Sozialistische Föderative Sowjetrepublik, Sowjetunion, 1941.",Soldaten; Sowjetische Soldaten,Militär; Krieg,Heroisierung; Feindbildkonstruktion,Nahaufnahme; Massendarstellung; Totale,Musik; Wertender Sprecher,"""Pionierlied"" läuft im Hintergrund"
29149_1_1_DDW_568_BA.eaf,568,1941,23,a210,2132.988,2201.144,68.156,1.1359333333333332,"Nächtlicher Panzerkampf zwischen deutschen und sowjetischen Abteilungen vor Leningrad, Russische Sozialistische Föderative Sowjetrepublik, Sowjetunion, 1941.",Soldaten; Sowjetische Soldaten,Militär; Krieg,Heroisierung,Nahaufnahme; Totale; Kamerabewegung,Originalton; Wertender Sprecher,
29149_1_1_DDW_568_BA.eaf,568,1941,24,a211,2202.32,2280.21,77.89,1.2981666666666667,"Schlussmontage deutscher Verbände im Vorgehen an der Ostfront, Sowjetunion, 1941 .",Soldaten,Militär,Personenkult; Heroisierung,Massendarstellung; Nahaufnahme; Kamerabewegung,Musik,"unterlegt das Lied:Führer befiehl, wir fogen Dir"
35623_1_1_DDW_572_BA.eaf,572,1941,1,a202,60.87,119.365,58.495,0.9749166666666667,"Verabschiedung wallonischer Freiwilliger, Brüssel, Militärverwaltung in Belgien und Nordfrankreich, 1941",belgische Zivilbevölkerung; wallonische Soldaten; NSDAP,Militär; Außenpolitik,Personenkult; Volksgemeinschaft; Heroisierung; Feindbildkonstruktion,Symbolik; Nahaufnahme; Totale; Massendarstellung,Musik; Wertender Sprecher; Originalton,Verabschiedung für den Kampf gegen den bolschewismus
35623_1_1_DDW_572_BA.eaf,572,1941,2,a203,120.626,143.32,22.694,0.3782333333333333,"Vereidigung spanischer Jagdflieger der „Blauen Division“ beim Truppenübungsplatz Grafenwöhr, Deutsches Reich, 1941",Spanische Soldaten,Militär; Außenpolitik,Volksgemeinschaft,Massendarstellung; Symbolik; Totale; Nahaufnahme; Kamerabewegung,Musik; Originalton; Wertender Sprecher,
35623_1_1_DDW_572_BA.eaf,572,1941,3,a204,144.433,306.001,161.568,2.6928,"Vorstoß der Waffen-SS im finnisch-sowjetischen Grenzgebiet um Salla, Finnland / Karelo-Finnische Sozialistische Sowjetrepublik, Sowjetunion, 1941. berquerung eines Wasserlaufs, Kampfhandlungen und Versorgung Verwundeter",Soldaten; finnische Soldaten; finnische Frauen; Sowjetische Soldaten,Militär; Krieg,Feindbildkonstruktion; Heroisierung; Volksgemeinschaft,Animation; Totale; Nahaufnahme; Kamerabewegung; Symbolik; Massendarstellung,Musik; Wertender Sprecher; Originalton,"Eigene Soldaten werden gelobt, sowjetische als feige und bolschewisten genannt"
35623_1_1_DDW_572_BA.eaf,572,1941,4,a205,307.054,459.28,152.226,2.5371,"Darstellung der Eroberungen und Geländegewinne an der Ostfront, 1941",,Militär; Krieg,Heroisierung; Dämonisierung; Feindbildkonstruktion,Animation,Wertender Sprecher; Musik,"Sprecher: Sowjets wollen ganz Europa überfluten und Einnehmen, werden diffmaiert"
35623_1_1_DDW_572_BA.eaf,572,1941,5,a206,460.755,647.549,186.794,3.1132333333333335,"Einsatz von Panzern und ein Gefangenen-Sammellager, Ukrainische Sozialistische Sowjetrepublik, Sowjetunion, 1941. Vormarsch deutscher Truppen und Panzer in der Ukraine, erbeutete sowjetische Geschütze und sowjetische Kriegsgefangene in einem Sammellager",Soldaten; Sowjetische Soldaten,Militär; Krieg,Dämonisierung; Feindbildkonstruktion; Heroisierung,Nahaufnahme; Totale; Massendarstellung; Kamerabewegung; Symbolik,Musik; Wertender Sprecher; Originalton,"Deutsche Taten werden übertrieben, sowjetische Soldaten diffamiert"
35623_1_1_DDW_572_BA.eaf,572,1941,6,a207,649.689,705.759,56.07,0.9345,"Feindflug auf Rückzugsstraßen und rückwärtige Verbindungen der sowjetischen Streitkräfte in der westlichen Ukraine, Ukrainische Sozialistische Sowjetrepublik, Sowjetunion, 1941",Soldaten,Militär; Krieg,Heroisierung,Luftaufnahme; Nahaufnahme; Totale; Symbolik,Musik; Wertender Sprecher; Originalton,
35623_1_1_DDW_572_BA.eaf,572,1941,7,a208,707.973,783.4,75.427,1.2571166666666667,"Deutsches und ungarisches Vorauskommando an der Ostfront, Ukrainische Sozialistische Sowjetrepublik, Sowjetunion, 1941",Soldaten; ungarische Soldaten; Sowjetische Soldaten,Militär; Krieg,Feindbildkonstruktion; Heroisierung; Volksgemeinschaft,Nahaufnahme; Totale; Kamerabewegung; Symbolik,Musik; Wertender Sprecher; Originalton,
35623_1_1_DDW_572_BA.eaf,572,1941,8,a209,784.691,865.188,80.497,1.3416166666666667,"Sicherung von Bahnanlagen zwischen Odessa und Kiew, Ukrainische Sozialistische Sowjetrepublik, Sowjetunion, 1941",Soldaten; Sowjetische Soldaten,Militär; Krieg,Feindbildkonstruktion,Totale; Nahaufnahme; Kamerabewegung; Symbolik,Musik; Wertender Sprecher,
35623_1_1_DDW_572_BA.eaf,572,1941,9,a210,866.655,977.098,110.443,1.8407166666666666,"Einsatz von Pionieren hinter der Frontlinie, Sowjetunion, 1941. Wiederherstellung von Bahnstrecken, Straßen- und Brückenbau sowie deutscher Nachschub hinter der Ostfront",Soldaten; Arbeiter,Militär; Krieg; Logistik,Volksgemeinschaft; Heroisierung,Nahaufnahme; Totale; Symbolik; Kamerabewegung,Musik; Wertender Sprecher,
35623_1_1_DDW_572_BA.eaf,572,1941,10,a211,978.139,1140.842,162.703,2.7117166666666668,"Kämpfe um Uman, Ukrainische Sozialistische Sowjetrepublik, Sowjetunion, 1941. Deutscher Vormarsch und Kampfhandlungen bei Uman sowie Gefangennahme sowjetischer Soldaten",Soldaten; Sowjetische Soldaten; Zivilbevölkerung,Militär; Krieg,Heroisierung,Massendarstellung; Kamerabewegung; Totale; Nahaufnahme; Symbolik,Musik; Originalton; Wertender Sprecher,
35623_1_1_DDW_572_BA.eaf,572,1941,11,a212,1142.115,1215.038,72.923,1.2153833333333333,"Abwehr sowjetischer Bomber, Sowjetunion, 1941",Soldaten; Sowjetische Soldaten,Militär; Krieg,Heroisierung; Legitimierung,Nahaufnahme; Totale; Symbolik; Kamerabewegung,Originalton; Wertender Sprecher; Musik,
35623_1_1_DDW_572_BA.eaf,572,1941,12,a213,1216.645,1283.19,66.545,1.1090833333333334,"Kämpfe in Smolensk, Russische Sozialistische Föderative Sowjetrepublik, Sowjetunion, 1941. Zerstörungen in Smolensk, deutsche Soldaten in der Stadt und sowjetische Gefangene bei Aufräumarbeiten in einer Kirche",Soldaten; Sowjetische Soldaten,Militär; Krieg; Religion,Feindbildkonstruktion; Dämonisierung,Animation; Nahaufnahme; Massendarstellung; Totale; Symbolik,Musik; Wertender Sprecher; Originalton,
35623_1_1_DDW_572_BA.eaf,572,1941,13,a214,1284.097,1304.432,20.335,0.33891666666666664,"Begrüßung deutscher Soldaten, Sowjetunion, 1941. Begrüßung deutscher Truppen durch die sowjetische Landbevölkerung und Blumenübergabe an einen deutschen Befehlshaber",Soldaten; sowjetische Bevölkerung,Militär; Krieg,Heroisierung; Dämonisierung; Volksgemeinschaft; Legitimierung,Symbolik; Nahaufnahme; Kamerabewegung,Musik; Wertender Sprecher,Deutsche Soldaten befreien sowjetische Bevölkerung vom sowjetischen Joch
35623_1_1_DDW_572_BA.eaf,572,1941,14,a215,1305.572,1347.544,41.972,0.6995333333333333,"Ferntrauung an der Ostfront, Sowjetunion, 1941.",Soldaten,Militär,Volksgemeinschaft,Symbolik; Massendarstellung; Totale; Kamerabewegung; Nahaufnahme,Musik; Wertender Sprecher,
35623_1_1_DDW_572_BA.eaf,572,1941,15,a216,1348.294,1565.624,217.33,3.6221666666666668,"Gefechte um Smolensk, Russische Sozialistische Föderative Sowjetrepublik, Sowjetunion, 1941",Soldaten; Sowjetische Soldaten,Militär; Krieg,Heroisierung; Feindbildkonstruktion; Dämonisierung,Nahaufnahme; Totale; Kamerabewegung; Massendarstellung; Symbolik,Musik; Wertender Sprecher,Sowjetische Soldaten werden als Bolschewisten und Untermenschen diffamiert
35623_1_1_DDW_572_BA.eaf,572,1941,16,a217,1566.742,1945.596,378.854,6.314233333333333,"Vormarsch in der Region um den Peipussee und Luftangriff auf Moskau, Russische Sozialistische Föderative Sowjetrepublik, Sowjetunion, 1941. Deutscher Vormarsch und Kampfhandlungen im Raum Peipussee sowie nächtlicher Luftangriff auf Moskau",Soldaten; Sowjetische Soldaten,Militär; Krieg,Heroisierung; Feindbildkonstruktion,Animation; Luftaufnahme; Totale; Kamerabewegung; Symbolik; Massendarstellung,Musik; Originalton; Wertender Sprecher,
77928_1_1_DDW_585_BA.eaf,585,1941,1,a141,13.84,58.076,44.236,0.7372666666666666,"HT: „Bilder aus der Heimat“ Stadtansichten, Stuttgart, Deutsches Reich, 1941.",,Kultur,,Totale; Luftaufnahme; Kamerabewegung,Musik,
77928_1_1_DDW_585_BA.eaf,585,1941,2,a142,60.023,113.788,53.765,0.8960833333333333,"Ernte, Deutsches Reich, 1941. Obsternte und Verladung von Äpfeln in einen Güterzug in Baden-Württemberg",Bauern; Arbeiter,Wirtschaft,,Totale; Kamerabewegung,Musik,
77928_1_1_DDW_585_BA.eaf,585,1941,3,a121,115.79,150.184,34.394,0.5732333333333334,"Goethemedaille, Berlin, Deutsches Reich, 1941. Verleihung der Goethemedaille durch Goebbels und Ernennung Linckes zum Ehrenbürger Berlins",Goebbels; Lincke; Zivilbevölkerung; NSDAP,Kultur,Heroisierung,Symbolik; Nahaufnahme; Kamerabewegung,Musik; Wertender Sprecher,
77928_1_1_DDW_585_BA.eaf,585,1941,4,a122,151.516,231.638,80.122,1.3353666666666666,Vorführung von „Frau Luna“ im Theater des Volkes vor verwundeten Soldaten,Zivilbevölkerung; Soldaten; Arbeiter; Lincke,Kultur; Heimatfront,Volksgemeinschaft,Nahaufnahme; Massendarstellung; Totale; Kamerabewegung; Symbolik,Musik; Originalton; Wertender Sprecher; Publikumsreaktion,
77928_1_1_DDW_585_BA.eaf,585,1941,5,a123,234.678,331.84,97.162,1.6193666666666666,"Evakuierung im Luftschutz, Deutsches Reich, 1941. ""Kinderlandverschickung"": Frauen mit Kleinkindern reisen mit dem Zug aus gefährdeten Gebieten in die Alpenregion am Semmering",Frauen; Kinder,Heimatfront; Innenpolitik,Volksgemeinschaft,Symbolik; Nahaufnahme; Totale,Musik; Wertender Sprecher,
77928_1_1_DDW_585_BA.eaf,585,1941,6,a124,332.442,454.724,122.282,2.0380333333333334,"Nikotin-Sucht, Deutsches Reich, 1941. Verarbeitung von Tabak und industrielle Herstellung von Zigaretten der Marke „Garbáty“",Arbeiter,Wirtschaft,Volksgemeinschaft,Produktionsmontage; Nahaufnahme; Kamerabewegung,Musik,"In der Fabrik alleine 10 Millionen Zigaretten, 60% gehen an die Front"
77928_1_1_DDW_585_BA.eaf,585,1941,7,a125,493.487,564.42,70.933,1.1822166666666667,"Ritterkreuz, Deutsches Reich, 1941. Göring verleiht Offizieren und Unteroffizieren der Luftwaffe das Ritterkreuz",Göring; Soldaten,Militär,Heroisierung,Nahaufnahme; Kamerabewegung; Massendarstellung,Musik; Wertender Sprecher,
77928_1_1_DDW_585_BA.eaf,585,1941,8,a126,564.819,662.741,97.922,1.6320333333333332,"Russlandfeldzug, Sowjetunion, 1941. Auszeichnung finnischer Soldaten mit dem Eisernen Kreuz. deutsch-finnischer Vormarsch und Gefechte im Waldgebiet sowie Darstellung sowjetischer Kriegsgefangener",Soldaten; finnische Soldaten; Sowjetische Soldaten,Militär; Krieg,Heroisierung; Feindbildkonstruktion,Animation; Totale; Massendarstellung; Kamerabewegung; Nahaufnahme,Musik; Originalton; Wertender Sprecher,
77928_1_1_DDW_585_BA.eaf,585,1941,9,a127,664.324,847.797,183.473,3.0578833333333333,"Belagerung von Leningrad, Russlandfeldzug, Sowjetunion, 1941. Versorgung deutscher Truppen vor Leningrad: Sicherung von Nachschubwegen, Transport und Verteilung von Lebensmitteln und Kleidung sowie Unterbringung und Ausstattung der Soldaten für den Winter",Soldaten; Sowjetische Soldaten,Militär,Feindbildkonstruktion,Animation; Nahaufnahme; Kamerabewegung; Totale,Musik; Originalton,
77928_1_1_DDW_585_BA.eaf,585,1941,10,a128,849.381,937.067,87.686,1.4614333333333334,"Belagerung von Leningrad, Russlandfeldzug, Sowjetunion, 1941. Der Spähtrupp in weißen Tarnanzügen und auf Skiern im Wald",Soldaten; Sowjetische Soldaten,Militär; Krieg,Feindbildkonstruktion,Nahaufnahme; Totale; Kamerabewegung,Musik; Wertender Sprecher; Originalton,
77928_1_1_DDW_585_BA.eaf,585,1941,11,a129,937.966,1284.987,347.021,5.783683333333333,"Schlacht um Moskau, Russlandfeldzug, Sowjetunion, 1941. Gefecht und Einnahme eines Dorfes, Auszeichnung deutscher Soldaten",Soldaten; Sowjetische Soldaten; NSDAP,Militär; Krieg,Heroisierung; Opferbereitschaft und Durchhalten; Feindbildkonstruktion,Animation; Nahaufnahme; Massendarstellung; Totale; Kamerabewegung; Symbolik,Musik; Wertender Sprecher; Originalton,
77928_1_1_DDW_585_BA.eaf,585,1941,12,a130,1285.982,1339.886,53.904,0.8984,"Russlandfeldzug, Sowjetunion, 1941. Kartografische Einordnung des Operationsgebietes und Ansichten von Charkow mit Industrieanlagen, Stadtgebiet und Wohnbebauung. Gegenüberstellung monumentaler Industriebauten mit den ärmlichen Wohnverhältnissen der Arbeiter, scharfe Verurteilung der sowjetischen Herrschaft und Arbeitsbedingungen",,Wirtschaft; Außenpolitik,Feindbildkonstruktion; Dämonisierung,Luftaufnahme; Nahaufnahme; Totale; Kamerabewegung,Musik; Wertender Sprecher,
77928_1_1_DDW_585_BA.eaf,585,1941,13,a131,1340.408,1380.636,40.228,0.6704666666666667,"Russlandfeldzug, Sowjetunion, 1941. Zeichnung von Stalin. Herstellung und Druck der Zeitung ""Ost - Front"". Verladen der Zeitungsbündel. Verteilen der Frontzeitung an Soldaten, Soldaten beim Lesen der Zeitungen. Verkauf von propagandistischen Zeitungen in russischer Sprache an die Bevölkerung.",Soldaten; Arbeiter; Zivilbevölkerung,Militär; Medien; Außenpolitik,,Nahaufnahme; Kamerabewegung; Totale,Musik; Wertender Sprecher; Originalton,
77928_1_1_DDW_585_BA.eaf,585,1941,14,a132,1381.173,1433.581,52.408,0.8734666666666666,"Russlandfeldzug, Sowjetunion, 1941. Wiederaufbau einer zerstörten Eisenbahnbrücke über den Dnjepr durch deutsche Eisenbahnpioniere",Soldaten,Militär; Architektur,Heroisierung,Symbolik; Nahaufnahme; Kamerabewegung; Massendarstellung; Totale,Musik; Wertender Sprecher; Originalton,
77928_1_1_DDW_585_BA.eaf,585,1941,15,a133,1435.01,1489.261,54.251,0.9041833333333333,"Russlandfeldzug, Sowjetunion, 1941. Sowjetische Gefangene werden vorgeführt, jüdische Gefangene werden gezielt herausgestellt",Sowjetische Soldaten; Juden,Militär; Krieg,Feindbildkonstruktion; Rassenideologie,Massendarstellung; Totale; Nahaufnahme; Kamerabewegung; Symbolik,Musik; Wertender Sprecher; Originalton,
77928_1_1_DDW_585_BA.eaf,585,1941,16,a134,1489.839,1558.295,68.456,1.1409333333333334,"Russlandfeldzug, Sowjetunion, 1941. Truppentransport auf Schleppkähnen auf dem Dnjepr zum Schwarzen Meer",Soldaten,Militär,,Kamerabewegung; Totale; Massendarstellung,Musik,
77928_1_1_DDW_585_BA.eaf,585,1941,17,a135,1559.02,1663.858,104.838,1.7473,"Russlandfeldzug, Sowjetunion, 1941. Deutscher Vormarsch auf der Krim. Darstellung zerstörter sowjetischer Industrieanlagen und Panzerzüge sowie Abwehr eines sowjetischen Luftangriffs",Soldaten; Sowjetische Soldaten,Militär; Krieg,Feindbildkonstruktion,Animation; Totale; Luftaufnahme; Nahaufnahme; Kamerabewegung,Musik; Originalton; Wertender Sprecher,
77928_1_1_DDW_585_BA.eaf,585,1941,18,a136,1665.28,1764.405,99.125,1.6520833333333333,"Siegesparade, Bukarest, Rumänien, 1941. Siegesparade rumänischer Truppen in Bukarest",König Michael; Antonescu; Soldaten; rumänische Soldaten,Militär; Außenpolitik; Diplomatie,Heroisierung,Massendarstellung; Symbolik; Nahaufnahme; Totale; Kamerabewegung,Musik,
77928_1_1_DDW_585_BA.eaf,585,1941,19,a137,1765.583,1937.001,171.418,2.8569666666666667,"Afrikakorps, Afrika, 1941. Rommel besichtigt das Afrikakorps und zeichnet Soldaten mit dem Eisernen Kreuz aus",Rommel; Soldaten,Militär,Heroisierung,Animation; Nahaufnahme; Totale; Massendarstellung; Kamerabewegung,Musik; Wertender Sprecher,
77928_1_1_DDW_585_BA.eaf,585,1941,20,a138,1938.07,2030.677,92.607,1.54345,"Afrikakorps, Afrika, 1941. Angriff des Afrikakorps auf britische Kräfte, Rommel beobachtet den Artilleriebeschuss",Soldaten; britische Soldaten; Rommel,Militär; Krieg,Heroisierung,Totale; Nahaufnahme; Kamerabewegung; Massendarstellung,Musik; Originalton; Wertender Sprecher,
77928_1_1_DDW_585_BA.eaf,585,1941,21,a139,2031.524,2125.086,93.562,1.5593666666666666,"Seekrieg, Frankreich, Großbritannien, 1941. Darstellung Großbritanniens als Karikatur durch einen fliehenden britischen Löwen. Deutsche Zerstörer und Torpedoboote sichern einen Geleitzug an der Kanalküste",Soldaten,Militär; Krieg,Feindbildkonstruktion,Animation; Nahaufnahme; Luftaufnahme; Totale; Kamerabewegung; Symbolik,Musik; Wertender Sprecher; Originalton,
77928_1_1_DDW_585_BA.eaf,585,1941,22,a140,2127.261,2291.194,163.933,2.7322166666666665,"Seekrieg, Frankreich, Großbritannien, 1941. Luftangriff auf einen britischen Geleitzug",Soldaten; britische Soldaten,Militär; Krieg,Heroisierung,Luftaufnahme; Nahaufnahme; Kamerabewegung; Totale; Symbolik,Musik; Originalton; Wertender Sprecher,
49189_1_1_DDW_598_BA_TC.eaf,598,1942,1,a124,21.69,261.123,239.433,3.99055,"Gedenken an den am 08.02.1942 bei einem Flugzeugabsturz tödlich verunglückten Reichsminister Dr. Fritz Todt, Deutsches Reich, 1942",Todt; Arbeiter; Hitler; NSDAP; Wehrmacht,Militär; Wirtschaft; Heimatfront; Innenpolitik; Krieg; Rüstungsproduktion; Außenpolitik; Kultur; Architektur,Heroisierung; Volksgemeinschaft; Personenkult; Legitimierung; Opferbereitschaft und Durchhalten,Nahaufnahme; Kamerabewegung; Totale; Massendarstellung; Symbolik; Luftaufnahme,Musik; Wertender Sprecher; Originalton,"Es werden in Erinnerung an Todts Tod, seine wichtigsten Taten und Errungenschaften für das dritte Reich gezeigt"
49189_1_1_DDW_598_BA_TC.eaf,598,1942,2,a125,261.81,516.389,254.579,4.242983333333333,"Überführung der Leiche Fritz Todts nach Berlin und Trauerfeier, Neue Reichskanzlei, Berlin, Deutsches Reich, 1942",Hitler; Zivilbevölkerung; NSDAP; Göring; Soldaten,Innenpolitik; Militär; Krieg,Volksgemeinschaft; Personenkult; Heroisierung; Opferbereitschaft und Durchhalten,Symbolik; Massendarstellung; Nahaufnahme; Totale; Kamerabewegung,Wertender Sprecher; Musik; Originalton,
49189_1_1_DDW_598_BA_TC.eaf,598,1942,3,a126,517.455,613.597,96.142,1.6023666666666667,"Hitler empfängt den rumänischen Staatsführer Marschall Antonescu im Führerhauptquartier Wolfsschanze, Ostpreußen, Deutsches Reich, 1942",Hitler; Antonescu; Soldaten; Göring; NSDAP,Diplomatie; Außenpolitik; Militär,Heroisierung; Feindbildkonstruktion; Personenkult,Nahaufnahme; Kamerabewegung; Massendarstellung; Symbolik,Musik; Wertender Sprecher; Originalton,
49189_1_1_DDW_598_BA_TC.eaf,598,1942,4,a127,616.96,678.565,61.605,1.02675,"Hitler empfängt den norwegischen Ministerpräsidenten Vidkun Quisling in der Neuen Reichskanzlei, Berlin, Deutsches Reich, 1942",Hitler; Quisling; Soldaten; Terboven; Lammers,Diplomatie; Militär,Personenkult,Nahaufnahme; Kamerabewegung; Symbolik,Musik; Originalton,
49189_1_1_DDW_598_BA_TC.eaf,598,1942,5,a128,682.189,983.7,301.511,5.025183333333334,"Gefecht um eine Ortschaft an der Ostfront, Ilmensee, Russische Sozialistische Föderative Sowjetrepublik, Sowjetunion, 1942",Soldaten; Piloten; Sowjetische Soldaten,Militär; Krieg,Heroisierung; Feindbildkonstruktion,Animation; Nahaufnahme; Kamerabewegung; Totale; Luftaufnahme; Symbolik,Musik; Originalton,
49189_1_1_DDW_598_BA_TC.eaf,598,1942,6,a129,984.432,1037.296,52.864,0.8810666666666667,"Bau eines Eisenbahndammes aus Eisblöcken als Ersatz für zerstörte Brücken, Ostfront, Sowjetunion, 1942",Arbeiter,Wirtschaft,Feindbildkonstruktion; Opferbereitschaft und Durchhalten,Nahaufnahme; Kamerabewegung; Totale; Symbolik,Musik; Originalton,
49189_1_1_DDW_598_BA_TC.eaf,598,1942,7,a130,1037.828,1165.903,128.075,2.1345833333333335,"Deutsche Marine in Jalta, Krim, Russische Sozialistische Föderative Sowjetrepublik, Sowjetunion, 1942",Soldaten; kroatische Marine; rumänische Offiziere,Krieg; Militär,Heroisierung,Animation; Nahaufnahme; Totale; Massendarstellung; Symbolik,Musik; Originalton,
49189_1_1_DDW_598_BA_TC.eaf,598,1942,8,a131,1168.533,1274.266,105.733,1.7622166666666668,"Stellungsbau, Gefecht und Luftangriff im Osten der Krim, Russische Sozialistische Föderative Sowjetrepublik, Sowjetunion, 1942",Soldaten,Krieg; Militär,Heroisierung,Luftaufnahme; Nahaufnahme; Symbolik,Musik; Originalton,
49189_1_1_DDW_598_BA_TC.eaf,598,1942,9,a132,1275.236,1529.397,254.161,4.236016666666667,"Kampf in der Wüste, Derna, Cyrenaika, Libyen, Afrika, 1942",Soldaten; Italienische Soldaten; Rommel; britische Soldaten,Krieg; Militär,Heroisierung; Feindbildkonstruktion,Animation; Nahaufnahme; Kamerabewegung,Musik; Originalton,Unterlegt ist das Lied „Panzer rollen in Afrika vor“
49189_1_1_DDW_598_BA_TC.eaf,598,1942,10,a133,1530.007,1783.441,253.434,4.2239,"Unternehmen Cerberus, Ärmelkanal, 11.-13.02.1942",Ciliax; Matrosen; Sperrle,Krieg; Militär,Feindbildkonstruktion; Heroisierung,Nahaufnahme; Totale; Symbolik; Luftaufnahme,Musik; Originalton; Wertender Sprecher,Unterlegt ist das Lied „Wir fahren gegen Engelland...“
77846_1_1_DDW_611_BA.eaf,611,1942,1,a111,40.11,123.058,82.948,1.3824666666666667,"Staatsfeier, Bukarest, Rumänien, 1942. Wilhelm List trifft als Vertreter von Adolf Hitler zum rumänischen Nationalfeiertag in Bukarest ein. Ehrenformation und gemeinsame Parade rumänischer und deutscher Truppen vor zahlreichen Zuschauern",König Michael; Antonescu; rumänische Soldaten; Soldaten; List,Außenpolitik; Militär; Diplomatie,,Symbolik; Massendarstellung; Totale; Kamerabewegung; Nahaufnahme,Musik; Wertender Sprecher,
77846_1_1_DDW_611_BA.eaf,611,1942,2,a112,124.615,150.965,26.35,0.43916666666666665,"400 niederländische Freiwillige werden für den Arbeitsdienst vereidigt, leisten den Schwur auf Hitler und werden für einen Einsatz an der Ostfront verpflichtet",Soldaten; NSDAP; niederländische Zivilbevölkerung,Außenpolitik; Militär; Heimatfront,Personenkult; Volksgemeinschaft,Nahaufnahme; Totale; Massendarstellung; Symbolik,Musik; Wertender Sprecher,
77846_1_1_DDW_611_BA.eaf,611,1942,3,a113,151.698,278.466,126.768,2.1128,"Aufrüstung, Deutsches Reich, 1942. Eingliederung des Baustabs Speer in die Organisation Todt; Bau und Präsentation neuer Rüstungswerke sowie Montage von Kampfflugzeugen",Arbeiter; Speer; NSDAP,Rüstungsproduktion; Wirtschaft,Volksgemeinschaft,Nahaufnahme; Produktionsmontage; Symbolik; Kamerabewegung; Totale,Musik; Wertender Sprecher,
77846_1_1_DDW_611_BA.eaf,611,1942,4,a114,280.313,377.391,97.078,1.6179666666666668,"Seekrieg, Deutsches Reich, 1942. Rückkehr einer U-Boot-Besatzung nach erfolgreichem Einsatz gegen die USA; feierlicher Empfang und Auszeichnung der Besatzung. Anschließend empfängt Hitler die U-Boot-Kommandanten Hardegen und Topp und verleiht ihnen das Eichenlaub zum Ritterkreuz",Soldaten; Topp; Zivilbevölkerung; Hardegen; Hitler,Militär; Krieg; Heimatfront,Heroisierung; Personenkult; Volksgemeinschaft,Symbolik; Nahaufnahme; Kamerabewegung; Totale,Musik; Wertender Sprecher; Originalton; Publikumsreaktion,
77846_1_1_DDW_611_BA.eaf,611,1942,5,a115,378.755,419.984,41.229,0.68715,"Adolf Hitler, Führerhauptquartier Wolfsschanze bei Rastenburg, Ostpreußen, Deutsches Reich, 1942. Hitler wird im Park des Führerhauptquartiers in einer privaten Alltagssituation beim Spielen mit seinem Schäferhund Blondi gezeigt",Hitler,Innenpolitik,Personenkult,Nahaufnahme; Kamerabewegung; Totale,,
77846_1_1_DDW_611_BA.eaf,611,1942,6,a116,421.663,645.007,223.344,3.7224,"Kampfhandlungen, Sowjetunion, 1942. Deutsch-finnische Kampfhandlungen unter winterlichen Bedingungen",Soldaten; finnische Soldaten; Arbeiter,Militär,Heroisierung,Animation; Totale; Nahaufnahme; Symbolik; Massendarstellung,Musik; Originalton; Wertender Sprecher,
77846_1_1_DDW_611_BA.eaf,611,1942,7,a117,645.871,727.37,81.499,1.3583166666666666,"Logistik, Sowjetunion, 1942. Eröffnung einer neuen Eisenbahnbrücke über die Narva",Soldaten; Arbeiter,Logistik; Militär,Heroisierung,Animation; Nahaufnahme; Massendarstellung; Totale; Kamerabewegung,Musik; Wertender Sprecher; Originalton,
77846_1_1_DDW_611_BA.eaf,611,1942,8,a118,728.7,867.06,138.36,2.306,"Logistik, Sowjetunion, 1942. Deutsche Nachschubkolonnen auf schlechten sowjetischen Straßen. Organisation Todt und sowjetische Arbeitskräfte bessern Straßen aus und errichten Behelfsfahrbahnen",Soldaten; NSDAP; sowjetische Arbeiter,Militär; Wirtschaft; Logistik,Feindbildkonstruktion,Symbolik; Nahaufnahme; Totale; Kamerabewegung; Massendarstellung,Musik; Wertender Sprecher,
77846_1_1_DDW_611_BA.eaf,611,1942,9,a119,868.459,1739.998,871.539,14.52565,"Beginn der Kämpfe um Kertsch und um die Landzunge von Parpatsch am 8.Mai, Krim, Ostfront, UdSSR, 1942.",Soldaten; Sowjetische Soldaten; NSDAP,Militär; Krieg,Heroisierung; Feindbildkonstruktion,Animation; Massendarstellung; Luftaufnahme; Kamerabewegung; Totale; Symbolik,Musik; Wertender Sprecher; Originalton,
73354_1_1_DDW_621_BA.eaf,621,1942,1,a145,42.72,608.04,565.32,9.422,"Atlantikwall, Frankreich, 1942. Darstellung der deutschen Küstenverteidigung am Atlantikwall mit Befestigungsanlagen, Artillerie-, Flak-, Luftwaffen- und Marineeinheiten sowie Verlegung und Einsatzbereitschaft von Truppen und schwerem Kriegsgerät",Soldaten; Hitler,Militär; Außenpolitik; Krieg,Dämonisierung; Legitimierung; Personenkult; Feindbildkonstruktion; Heroisierung,Animation; Totale; Nahaufnahme; Massendarstellung; Kamerabewegung; Luftaufnahme; Symbolik,Musik; Wertender Sprecher; Originalton,die Befestigung wird von Hitler als Vorsorge gegen die westlichen Alliierten und den Bolschewismus dargestellt
73354_1_1_DDW_621_BA.eaf,621,1942,2,a146,609.84,653.298,43.458,0.7243,"General Muñoz Grande besucht Adolf Hitler in dessen Hauptquartier, Winnyzja, Ukraine, Sowjetunion, 1942.",Hitler; Grande; Soldaten; NSDAP,Diplomatie; Militär; Außenpolitik,Personenkult; Heroisierung,Symbolik; Nahaufnahme; Kamerabewegung,Musik; Wertender Sprecher,
73354_1_1_DDW_621_BA.eaf,621,1942,3,a147,654.335,835.602,181.267,3.0211166666666665,"Die Einnahme der Halbinsel Cherson, Krim, Sowjetunion, 1942. Angriff deutscher Luft-, Panzer- und Infanterieverbände auf sowjetische Befestigungen auf der Halbinsel Cherson",Soldaten; Sowjetische Soldaten,Militär; Krieg,Feindbildkonstruktion; Heroisierung,Animation; Nahaufnahme; Totale; Massendarstellung; Kamerabewegung,Musik; Wertender Sprecher; Originalton,"Es wird von bolschewisten gesprochen, aber panzer mit britischer Flagge werden gezeigt"
73354_1_1_DDW_621_BA.eaf,621,1942,4,a148,836.44,1104.0,267.56,4.459333333333333,"Russlandfeldzug, Sowjetunion, 1942.",Soldaten; Sowjetische Soldaten,Militär; Krieg,Heroisierung,Animation; Totale; Nahaufnahme; Luftaufnahme; Massendarstellung; Kamerabewegung,Musik; Wertender Sprecher; Originalton,
73354_1_1_DDW_621_BA.eaf,621,1942,5,a149,1105.302,2130.589,1025.287,17.088116666666668,"Deutsche Sommeroffensive an der Ostfront mit Vormarsch durch das Dongebiet bis zur Einnahme Rostows; Gefechte, Überschreiten des Don, Luftangriffe, sowjetische Verluste und Kriegsgefangene sowie Besetzung Rostows",Soldaten; sowjetische Zivilbevölkerung; Sowjetische Soldaten; Arbeiter; rumänische Soldaten; ungarische Soldaten; Italienische Soldaten; Slowakische Soldaten; kroatische Soldaten,Militär; Krieg; Wirtschaft; Außenpolitik,Heroisierung; Feindbildkonstruktion; Opferbereitschaft und Durchhalten,Animation; Nahaufnahme; Luftaufnahme; Totale; Kamerabewegung; Massendarstellung,Musik; Originalton; Wertender Sprecher,
73354_1_1_DDW_621_BA.eaf,621,1942,6,a150,2131.505,2168.433,36.928,0.6154666666666667,"Marschierende deutsche Infanterie und Panzer sowie motorisierte Truppen beim Vormarsch, musikalisch begleitet von einem führerbezogenen Marschlied",Soldaten,Militär,Personenkult,Massendarstellung; Kamerabewegung; Totale; Nahaufnahme,Musik,"Segment unterlegt mit einem Teil des Liedes ""Führer befiehl, wir folgen dir"""
71795_1_1_DDW_637_BA.eaf,637,1942,1,a241,0.914,311.085,310.171,5.1695166666666665,"Vorfilm: ""Was jeder wissen muß"" - Spielhandlung über Bedeutung, Leistung und Vorschriften der Feldpost.",Zivilbevölkerung; Soldaten,Heimatfront,Volksgemeinschaft,Kamerabewegung; Nahaufnahme; Massendarstellung; Symbolik,Musik; Originalton,Appell an die Bevölkerung. Eintreffen der Post bei der Truppe und Verteilung an die Soldaten. Lesende Soldaten.
71795_1_1_DDW_637_BA.eaf,637,1942,2,a242,357.262,409.136,51.874,0.8645666666666667,"Gedenkveranstaltung, München, Deutsches Reich 1942. Hitler spricht im Löwenbräukeller zum Jahrestag des Hitlerputsches von 1923 vor NS-Funktionären und Publikum",NSDAP; Soldaten; Hitler; Goebbels; Himmler,Innenpolitik,Personenkult; Opferbereitschaft und Durchhalten,Massendarstellung; Nahaufnahme; Symbolik; Kamerabewegung; Totale,Musik; Wertender Sprecher,
71795_1_1_DDW_637_BA.eaf,637,1942,3,a243,410.515,442.382,31.867,0.5311166666666667,"Gedenkveranstaltung, Berlin, Deutsches Reich 1942.",NSDAP; Soldaten,Innenpolitik,Opferbereitschaft und Durchhalten; Heroisierung,Nahaufnahme; Massendarstellung; Symbolik,Musik; Wertender Sprecher,
71795_1_1_DDW_637_BA.eaf,637,1942,4,a244,443.238,524.072,80.834,1.3472333333333333,"Gedenkveranstaltung, München, Deutsches Reich 1942. Gedenkfeierlichkeiten für die Toten des 09. November 1923 in München",NSDAP; Soldaten; Zivilbevölkerung,Innenpolitik,Opferbereitschaft und Durchhalten,Symbolik; Massendarstellung; Nahaufnahme,Musik; Wertender Sprecher,
71795_1_1_DDW_637_BA.eaf,637,1942,5,a245,525.075,815.64,290.565,4.84275,"Atlantikwall, Norwegen, 1942. Darstellung deutscher Küstenverteidigung in Norwegen",Soldaten,Militär; Krieg,Heroisierung,Animation; Massendarstellung; Nahaufnahme; Luftaufnahme; Kamerabewegung; Symbolik,Musik; Originalton; Wertender Sprecher,
71795_1_1_DDW_637_BA.eaf,637,1942,6,a246,815.836,926.832,110.996,1.8499333333333334,"Russlandfeldzug, Finnland, Sowjetunion, 1942. Finnische Soldaten bauen Häuser für Familien gefallener Kameraden und erhalten dafür Auszeichnungen",finnische Soldaten,Außenpolitik,Volksgemeinschaft,Animation; Kamerabewegung; Nahaufnahme; Produktionsmontage,Musik; Wertender Sprecher; Originalton,
71795_1_1_DDW_637_BA.eaf,637,1942,7,a247,929.57,1118.13,188.56,3.1426666666666665,"Russlandfeldzug, Sowjetunion, 1942. Deutsche Artillerieangriffe auf Kronstadt und das sowjetische Schlachtschiff „Marat“ sowie deutsche und kroatische Luftangriffe auf Befestigungen und Anlagen im Raum Leningrad",Soldaten; kroatische Soldaten; Sowjetische Soldaten,Militär; Krieg,,Animation; Symbolik; Luftaufnahme; Massendarstellung; Nahaufnahme; Totale,Musik; Originalton; Wertender Sprecher,
71795_1_1_DDW_637_BA.eaf,637,1942,8,a248,1119.334,1305.332,185.998,3.0999666666666665,"Schlacht um Stalingrad, Sowjetunion, 1942.",Soldaten; Italienische Soldaten; Sowjetische Soldaten,Militär; Krieg,Heroisierung,Animation; Symbolik; Totale,Musik; Originalton; Wertender Sprecher,"Wichtigkeit der Einnahme Stalingrads, dass kein Schiff die Wolga hinauf fahren kann wird betont"
71795_1_1_DDW_637_BA.eaf,637,1942,9,a249,1306.007,1546.995,240.988,4.016466666666667,"Vichy Frankreich, Frankreich, 1942. Einmarsch deutscher Truppen in das bislang unbesetzte Frankreich",Soldaten; Zivilbevölkerung,Militär; Außenpolitik,Legitimierung,Animation; Symbolik,Musik; Originalton; Wertender Sprecher,Legitimierung für den Einmarsch in das restliche Frankreich
21805_1_1_DDW_650_BA.eaf,650,1943,1,a121,20.543,205.309,184.766,3.0794333333333332,"Schwerindustrieanlagen im Deutschen Reich, 1943. Darstellung der deutschen Schwerindustrie vom Kohlebergbau über Stahlguss und Maschinenbau bis zum Abtransport fertiger Industrieerzeugnisse und zur Energieerzeugung",Arbeiter,Wirtschaft; Rüstungsproduktion,Opferbereitschaft und Durchhalten; Heroisierung; Personenkult; Volksgemeinschaft,Nahaufnahme; Kamerabewegung; Produktionsmontage; Symbolik,Musik; Wertender Sprecher,Sprecher: Arbeiter arbeiten zusätzlich Sonntags und den Lohn dafür haben sie dem Führer zum Bauen neuer Panzer zur Verfügung gestellt zu Ehren der Helden von Stalingrad
21805_1_1_DDW_650_BA.eaf,650,1943,2,a122,207.285,403.456,196.171,3.2695166666666666,"Im Norden der Ostfront, Russische Sozialistische Föderative Sowjetrepublik, Sowjetunion, 1943. Deutscher Spähtrupp an der nördlichen Ostfront bei einem Einsatz unter winterlichen Bedingungen",Soldaten; Sowjetische Soldaten,Militär; Krieg,,Animation; Totale; Nahaufnahme; Kamerabewegung,Musik; Originalton,
21805_1_1_DDW_650_BA.eaf,650,1943,3,a123,405.206,485.164,79.958,1.3326333333333333,"Die Front südlich des Ladogasees, Russische Sozialistische Föderative Sowjetrepublik, Sowjetunion, 1943. Deutsche Nachhut südlich des Ladogasees im Gefecht während des Rückzugs",Soldaten; Sowjetische Soldaten,Militär; Krieg,Heroisierung; Opferbereitschaft und Durchhalten,Animation; Totale; Kamerabewegung,Musik; Originalton; Wertender Sprecher,
21805_1_1_DDW_650_BA.eaf,650,1943,4,a124,486.092,647.091,160.999,2.683316666666667,"Am mittleren Frontabschnitt der Ostfront, Russische Sozialistische Föderative Sowjetrepublik, Sowjetunion, 1943. Versorgung und Vormarsch deutscher Truppen am mittleren Ostfrontabschnitt, Grenadiere gehen gegen sowjetische Stellungen vor",Soldaten; Sowjetische Soldaten,Militär; Krieg,Heroisierung,Animation; Massendarstellung; Totale; Kamerabewegung; Symbolik,Musik; Originalton; Wertender Sprecher,
21805_1_1_DDW_650_BA.eaf,650,1943,5,a125,654.263,1141.416,487.153,8.119216666666667,"U-Boot-Krieg im Norden des Atlantischen Ozeans, 1943. Dramatisierte Darstellung eines koordinierten deutschen U-Boot-Angriffs auf einen alliierten Geleitzug im Nordatlantik",Soldaten; alliierte Soldaten,Militär; Krieg,Heroisierung; Opferbereitschaft und Durchhalten,Totale; Kamerabewegung; Symbolik; Nahaufnahme,Musik; Originalton; Wertender Sprecher,"Tagelange Gefechte, schwere See kann die Soldaten nicht aufhalten"
34603_1_1_DDW_656_BA.eaf,656,1943,1,a102,47.008,143.124,96.116,1.6019333333333334,"Verpflichtung der Jugend auf Adolf Hitler in Breslau, Deutsches Reich, 1943",Hitlerjugend; Bund Deutscher Mädel; NSDAP,Innenpolitik,Personenkult; Volksgemeinschaft,Massendarstellung; Kamerabewegung; Symbolik; Totale; Nahaufnahme,Musik; Originalton; Wertender Sprecher; Publikumsreaktion,
34603_1_1_DDW_656_BA.eaf,656,1943,2,a103,144.856,295.713,150.857,2.514283333333333,"Deutsche Befestigungen am Atlantikwall, Reichskommissariat Norwegen / Militärverwaltung in Belgien und Nordfrankreich / Frankreich, 1943. Darstellung des Atlantikwalls von Norwegen bis Frankreich mit Küstenbatterien",Soldaten; Arbeiter,Militär; Außenpolitik,Heroisierung,Animation; Kamerabewegung; Totale; Nahaufnahme; Symbolik,Musik; Wertender Sprecher,
34603_1_1_DDW_656_BA.eaf,656,1943,3,a104,300.129,426.047,125.918,2.0986333333333334,"Deutsche Marineverbände, Italien, 1943. Großadmiral Dönitz besucht deutsche Marineverbände in Italien",Dönitz; Soldaten; Italienische Soldaten,Militär; Außenpolitik,Heroisierung,Massendarstellung; Totale; Symbolik; Nahaufnahme,Musik; Originalton; Wertender Sprecher,
34603_1_1_DDW_656_BA.eaf,656,1943,4,a105,427.299,711.086,283.787,4.729783333333334,"Gefechte an der Nord-Afrika-Front, Französisch-Tunesien, 1943. Deutsche und italienischeTruppen bei Gefechten in Tunesien",Soldaten; Italienische Soldaten; Rommel; alliierte Soldaten,Militär; Krieg,Heroisierung,Animation; Massendarstellung; Totale; Nahaufnahme; Symbolik,Musik; Wertender Sprecher; Originalton,
34603_1_1_DDW_656_BA.eaf,656,1943,5,a106,712.497,980.194,267.697,4.461616666666667,"Rückzug an der mittleren Ostfront, Russische Sozialistische Föderative Sowjetrepublik, Sowjetunion, 1943",Soldaten; Sowjetische Soldaten,Militär; Krieg,Heroisierung,Animation; Totale; Massendarstellung; Nahaufnahme; Kamerabewegung,Musik; Wertender Sprecher,
34603_1_1_DDW_656_BA.eaf,656,1943,6,a107,981.843,1290.2,308.357,5.139283333333333,"Kämpfe an der südlichen Ostfront, Ukrainische Sozialistische Sowjetrepublik, Sowjetunion, 1943. Deutsche Truppen und Waffen-SS greifen ein Dorf an der südlichen Ostfront an",Soldaten; Sowjetische Soldaten; SS,Militär; Krieg,Heroisierung; Feindbildkonstruktion,Animation; Massendarstellung; Kamerabewegung; Luftaufnahme; Totale; Symbolik,Musik; Wertender Sprecher; Originalton,
33737_1_1_DDW_663_BA.eaf,663,1943,1,a82,43.746,108.079,64.333,1.0722166666666666,"Staatsakt für General von Brockdorff-Ahlefeldt im Berliner Zeughaus, Deutsches Reich, 1943. Staatsakt für den verstorbenen General Walter Graf von Brockdorff-Ahlefeldt im Berliner Zeughaus",NSDAP; Soldaten,Militär; Innenpolitik,Heroisierung; Opferbereitschaft und Durchhalten,Symbolik; Nahaufnahme; Totale; Massendarstellung; Kamerabewegung,Musik; Wertender Sprecher,
33737_1_1_DDW_663_BA.eaf,663,1943,2,a83,112.085,183.453,71.368,1.1894666666666667,"Vormilitärische Ausbildung von Jugendlichen in Seeboden am Millstätter See, Oberkärnten, Alpen- und Donau-Reichsgaue, 1943. Jugendliche verschiedener europäischer Nationalitäten nehmen gemeinsam an einem Wehrertüchtigungslager in Seeboden teil",Hitlerjugend; NSDAP; SS,Innenpolitik; Militär,Volksgemeinschaft,Massendarstellung; Totale; Luftaufnahme; Kamerabewegung; Symbolik; Nahaufnahme,Musik; Wertender Sprecher,
33737_1_1_DDW_663_BA.eaf,663,1943,3,a84,185.6,292.724,107.124,1.7854,"Ausbildung von Tragtieren für die Gebirgstruppen, 1943",Soldaten,Militär,,Symbolik; Nahaufnahme; Kamerabewegung; Totale,Musik; Originalton,
33737_1_1_DDW_663_BA.eaf,663,1943,4,a85,294.209,499.533,205.324,3.422066666666667,"Die Befestigungen an den Küsten Europas, 1943. Ausbau und Darstellung deutscher Küstenbefestigungen in Europa",Arbeiter; NSDAP,Militär; Wirtschaft,Heroisierung,Animation; Totale; Nahaufnahme; Kamerabewegung; Luftaufnahme; Massendarstellung; Symbolik,Musik; Wertender Sprecher; Originalton,Arbeitsleistung wird extrem gelobt
33737_1_1_DDW_663_BA.eaf,663,1943,5,a86,500.685,673.702,173.017,2.8836166666666667,"Ein deutscher Geleitzug auf dem Mittelmeer, 1943. Deutscher Geleitzug transportiert Kriegsmaterial über das Mittelmeer",Soldaten; britische Soldaten,Militär; Krieg,Heroisierung,Nahaufnahme; Totale; Massendarstellung; Kamerabewegung; Symbolik,Musik; Originalton; Wertender Sprecher,"Transportauftrag, Verwundete durch briten, erfolgreicher Auftrag"
33737_1_1_DDW_663_BA.eaf,663,1943,6,a87,675.278,776.407,101.129,1.6854833333333332,"Kampf gegen Partisanen im Hinterland der Ostfront, 1943.",Sicherheitspolizei; Partisanen; sowjetische Zivilbevölkerung,Militär; Krieg,Feindbildkonstruktion,Nahaufnahme; Kamerabewegung; Symbolik; Totale,Musik; Wertender Sprecher; Originalton,
33737_1_1_DDW_663_BA.eaf,663,1943,7,a88,777.864,868.508,90.644,1.5107333333333333,"Freizeit an der südlichen Ostfront, Ukrainische Sozialistische Sowjetrepublik, Sowjetunion, 1943. Heimatspenden und Freizeit deutscher Soldaten. Begegnung und Fest mit ukrainischer Bevölkerung sowie Vorführung eines Kosaken-Regiments, welches sich dem Kampf gegen den Bolschewismus angeschlossen hat",Soldaten; ukrainische Zivilbevölkerung,Heimatfront; Kultur; Militär,Volksgemeinschaft; Feindbildkonstruktion; Heroisierung,Animation; Massendarstellung; Nahaufnahme; Kamerabewegung; Totale,Musik; Wertender Sprecher,
33737_1_1_DDW_663_BA.eaf,663,1943,8,a89,871.313,974.681,103.368,1.7228,"Am Kuban-Brückenkopf, Russische Sozialistische Föderative Sowjetrepublik, Sowjetunion, 1943",Soldaten; Sowjetische Soldaten,Militär; Krieg,Heroisierung,Luftaufnahme; Totale; Kamerabewegung; Nahaufnahme; Symbolik,Musik; Originalton; Wertender Sprecher,
33492_1_1_DDW_676_BA.eaf,676,1943,1,a80,42.15,129.978,87.828,1.4638,"Sportwettkampf, Wien, annektiertes Österreich, 1943. Deutsche Meisterschaften im Gewichtheben in Wien",Sportler; Zivilbevölkerung,Sport,,Totale; Nahaufnahme; Massendarstellung; Kamerabewegung,Musik,
33492_1_1_DDW_676_BA.eaf,676,1943,2,a81,132.789,224.053,91.264,1.5210666666666666,"Sportwettkampf, Berlin-Grünau, Deutsches Reich, 1943. Vierte Deutsche Kriegskanumeisterschaften im Kanuwettbewerb in Berlin-Grünau.",Sportler; Zivilbevölkerung,Sport,,Totale; Nahaufnahme; Kamerabewegung,Musik,
33492_1_1_DDW_676_BA.eaf,676,1943,3,a82,225.956,278.475,52.519,0.8753166666666666,"Kriegsmarine, Stralsund, Deutsches Reich, 1943. Dönitz besichtigt Marineschulschiff, Begegnung mit Jugendlichen der Marine-HJ und Ruderwettkampf der Marine-Hitlerjugend",Dönitz; Soldaten; Hitlerjugend,Innenpolitik; Militär; Sport,Volksgemeinschaft,Massendarstellung; Totale; Nahaufnahme; Kamerabewegung; Symbolik,Musik; Wertender Sprecher,
33492_1_1_DDW_676_BA.eaf,676,1943,4,a83,281.537,306.163,24.626,0.4104333333333333,"Seekrieg, unbekannter Ort, 1943. Rückkehr des U-Bootes von Wolfgang Lüth vom Einsatz",Lüth; Soldaten,Militär,Heroisierung,Nahaufnahme; Totale; Kamerabewegung; Symbolik,Musik; Wertender Sprecher,
33492_1_1_DDW_676_BA.eaf,676,1943,5,a84,307.626,377.198,69.572,1.1595333333333333,"Rückwärtige Sicherung, Dnjepr, Sowjetunion, 1943. Deutsche Wasserschutzpolizei kontrolliert Schiffe und Wasserfahrzeuge auf dem Dnjepr",Wasserschutzpolizei; Arbeiter,Militär; Wirtschaft,,Nahaufnahme; Kamerabewegung; Totale; Symbolik,Musik; Wertender Sprecher; Originalton,
33492_1_1_DDW_676_BA.eaf,676,1943,6,a85,380.097,452.992,72.895,1.2149166666666666,"Getreideernte, Ukraine, Sowjetunion, 1943. Getreideernte in der Ukraine mit Pferdegespannen und mechanischen Erntemaschinen",Arbeiter,Landwirtschaft,Volksgemeinschaft; Legitimierung,Nahaufnahme; Kamerabewegung; Totale,Musik; Wertender Sprecher; Originalton,
33492_1_1_DDW_676_BA.eaf,676,1943,7,a86,456.007,508.555,52.548,0.8758,"Rekrutierung für die Waffen-SS, Wien, annektiertes Österreich, 1943. Volksdeutsche aus Siebenbürgen melden sich freiwillig zur Waffen-SS und werden in Wien gemustert",SS; Zivilbevölkerung,Militär; Innenpolitik,Volksgemeinschaft; Rassenideologie,Symbolik; Massendarstellung; Totale; Kamerabewegung; Nahaufnahme,Musik; Wertender Sprecher,"""Volksdeutsche folgen der Stimme ihres Blutes um das Großdeutsche Reich und Europa zu verteidigen"""
33492_1_1_DDW_676_BA.eaf,676,1943,8,a87,510.903,607.671,96.768,1.6128,"Freizeitgestaltung der Besatzungssoldaten, Griechenland, 1943.",Soldaten,Militär; Freizeit,,Massendarstellung; Nahaufnahme; Symbolik; Kamerabewegung; Totale,Musik; Originalton; Publikumsreaktion; Wertender Sprecher,
33492_1_1_DDW_676_BA.eaf,676,1943,9,a88,608.834,758.626,149.792,2.4965333333333333,"Soldatenleben hinter der Kampflinie, Sowjetunion, 1943. Alltag deutscher Soldaten hinter der Kampflinie",Soldaten,Militär; Freizeit,Heroisierung,Massendarstellung; Nahaufnahme; Symbolik; Kamerabewegung; Totale,Musik; Wertender Sprecher,
33492_1_1_DDW_676_BA.eaf,676,1943,10,a89,760.461,867.648,107.187,1.78645,"Belagerung von Leningrad, Ladogasee, Sowjetunion, 1943. Deutsche Artillerie und Infanterie greifen mit Unterstützung eines Tiger-Panzers sowjetische Stellungen südlich des Ladogasees an",Soldaten; Sowjetische Soldaten,Militär; Krieg,Heroisierung,Nahaufnahme; Massendarstellung; Totale; Kamerabewegung,Originalton; Wertender Sprecher,
33492_1_1_DDW_676_BA.eaf,676,1943,11,a90,869.037,1052.463,183.426,3.0571,"Rückzugsoperation, Orel, Sowjetunion, 1943. Deutscher Rückzug aus dem Raum Orel mit Zerstörung militärischer Infrastruktur; Teile der Zivilbevölkerung ziehen mit den deutschen Truppen",Soldaten; SS; sowjetische Zivilbevölkerung,Militär; Krieg,Legitimierung; Feindbildkonstruktion; Heroisierung,Animation; Totale; Massendarstellung; Kamerabewegung; Symbolik; Nahaufnahme,Musik; Wertender Sprecher,
33492_1_1_DDW_676_BA.eaf,676,1943,12,a91,1054.606,1238.209,183.603,3.06005,"Abwehrschlacht am Fluss Mius, Ukraine, Sowjetunion, 1943. Deutsche Abwehr- und Gegenangriffe am Mius mit Luftwaffe, Panzern, Sturmgeschützen und Nebelwerfern",Soldaten; Sowjetische Soldaten,Militär; Krieg,Heroisierung; Feindbildkonstruktion,Animation; Nahaufnahme; Totale; Kamerabewegung; Luftaufnahme,Musik; Originalton; Wertender Sprecher,
26075_1_1_DDW_681_BA.eaf,681,1943,1,a191,7.39,257.13,249.74,4.162333333333334,Segment: Vorspann Brandbekämpfung im Krieg. Spielhandlung im Luftschutzkeller.,Zivilbevölkerung,Heimatfront,Volksgemeinschaft,Nahaufnahme; Animation; Totale; Kamerabewegung,Originalton,
26075_1_1_DDW_681_BA.eaf,681,1943,2,a192,283.588,326.685,43.097,0.7182833333333334,"Antwerpen, Belgien, Arbeitsdienst. Parade des freiwilligen flämischen Arbeitsdienstes die sich gegen den Bolschewismus an der Ostfront gegründet hat",belgische Soldaten; belgische Zivilbevölkerung,Außenpolitik; Militär,Feindbildkonstruktion; Volksgemeinschaft,Massendarstellung; Totale; Nahaufnahme; Symbolik; Kamerabewegung,Musik; Wertender Sprecher,
26075_1_1_DDW_681_BA.eaf,681,1943,3,a193,328.531,370.36,41.829,0.69715,"Paris, Frankreich, Parade Paradezug zum zweiten Jahrestag der Gründung der französischen Freiwilligenlegion über die Champs Elysées.",französische Soldaten; französische Zivilbevölkerung,Außenpolitik; Militär,Heroisierung; Volksgemeinschaft; Feindbildkonstruktion,Totale; Nahaufnahme; Symbolik; Kamerabewegung,Musik; Originalton; Wertender Sprecher,
26075_1_1_DDW_681_BA.eaf,681,1943,4,a194,372.361,462.509,90.148,1.5024666666666666,"Görlitz, Deutsches Reich, Lazarett. Festveranstaltung für verwundete deutsche Soldaten in Görlitz.",Soldaten; Hitlerjugend; Bund Deutscher Mädel,Heimatfront; Militär,Opferbereitschaft und Durchhalten; Heroisierung; Volksgemeinschaft,Symbolik; Massendarstellung; Nahaufnahme; Kamerabewegung,Musik; Originalton; Wertender Sprecher,
26075_1_1_DDW_681_BA.eaf,681,1943,5,a195,465.018,575.002,109.984,1.8330666666666666,"Nordnorwegen, Norwegen 2.000. Feindflug eines Seeaufklärers.",Soldaten; Sowjetische Soldaten,Militär; Krieg,Feindbildkonstruktion,Luftaufnahme; Nahaufnahme; Kamerabewegung; Totale; Symbolik,Musik; Originalton; Wertender Sprecher,
26075_1_1_DDW_681_BA.eaf,681,1943,6,a196,577.727,677.229,99.502,1.6583666666666668,Auslaufen deutscher Minenschiffe. Sicherung durch Begleitfahrzeuge.,Soldaten; Sowjetische Soldaten,Militär; Krieg,Feindbildkonstruktion,Symbolik; Nahaufnahme; Kamerabewegung; Totale,Musik; Originalton; Wertender Sprecher,bolschewistische Torpedoflieger
26075_1_1_DDW_681_BA.eaf,681,1943,7,a197,678.292,1088.763,410.471,6.841183333333333,"Sowjetunion, Russlandfeldzug. Kampfhandlungen an der Ostfront, sowjetische Gefangene und deutsche Gegenangriffe",Soldaten; Sowjetische Soldaten,Militär; Krieg,Feindbildkonstruktion,Totale; Nahaufnahme; Kamerabewegung; Symbolik,Musik; Wertender Sprecher; Originalton,bolschewisten
26075_1_1_DDW_681_BA.eaf,681,1943,8,a198,1090.269,1365.595,275.326,4.588766666666666,"Pavia, Mailand, Italien, Besetzung von Italien. Einmarsch deutscher Truppen in Italien, Kämpfe um Rom und Kapitulation italienischer Truppen",Soldaten; Rommel; Italienische Soldaten,Militär; Krieg; Außenpolitik,Heroisierung,Massendarstellung; Nahaufnahme; Totale; Kamerabewegung; Symbolik,Musik; Originalton; Wertender Sprecher,Rom wird schnell und einfach durch die überlegenheit der deutschen Soldaten eingenommen
26075_1_1_DDW_681_BA.eaf,681,1943,9,a199,1366.779,1486.48,119.701,1.9950166666666667,"Salerno, Italien, Luftkrieg. Deutsche Aufklärung und Abwehr der alliierten Landung bei Salerno",Soldaten; alliierte Soldaten,Militär; Außenpolitik; Krieg,Legitimierung; Heroisierung,Massendarstellung; Kamerabewegung; Nahaufnahme; Symbolik; Totale,Musik; Originalton; Wertender Sprecher,
26075_1_1_DDW_681_BA.eaf,681,1943,10,a200,1488.206,1813.62,325.414,5.423566666666667,"Abruzzen, Gran Sasso, Italien, Entführung Befreiung bzw. Entführung von Benito Mussolini: Die zur Befreiung Mussolinis eingesetzten Fallschirmjäger auf ihrem Marsch in den Abbruzzen und Treffen mit Hitler im Führerhauptquartier",Soldaten; Hitler; Mussolini; Göring; NSDAP,Militär; Krieg; Außenpolitik; Innenpolitik,Personenkult; Heroisierung; Legitimierung; Feindbildkonstruktion,Nahaufnahme; Kamerabewegung; Totale; Symbolik,Musik; Wertender Sprecher,
58798_1_1_DDW_689_BA.eaf,689,1943,1,a91,23.342,89.83,66.488,1.1081333333333334,"Konservierung, Antwerpen, Belgien, 1943. Herstellung von Trockengemüse in einer Fabrik bei Antwerpen",Arbeiter,Wirtschaft,,Nahaufnahme; Produktionsmontage; Kamerabewegung,Musik,
58798_1_1_DDW_689_BA.eaf,689,1943,2,a92,91.696,191.768,100.072,1.6678666666666666,"Evakuierung, Deutsches Reich (?), 1943. Strohwitwerkurse des NS-Frauenwerks für Männer deren Frauen umquartiert sind",Zivilbevölkerung,Heimatfront,,Nahaufnahme; Kamerabewegung,Wertender Sprecher; Musik; Originalton,
58798_1_1_DDW_689_BA.eaf,689,1943,3,a93,192.57,256.339,63.769,1.0628166666666667,"Fortpflanzung, Deutsches Reich (?), 1943. NSV-Kriegsentbindungsheime für Mütter aus bombengefährdeten Gebieten; Betreuung von Müttern und Neugeborenen",Frauen; Kinder; Ärzte,Heimatfront; Innenpolitik,Volksgemeinschaft,Symbolik; Nahaufnahme,Musik; Originalton; Wertender Sprecher,Sprecher: erfüllen eine segensreiche Aufgabe in der Fürsorge für das kostbarste Gut unseres Volkes
58798_1_1_DDW_689_BA.eaf,689,1943,4,a94,258.557,321.179,62.622,1.0437,"Medizinische Wissenschaft, Berlin, Deutsches Reich, 1943. Prof. Dr. Frik bei der Arbeit mit Röntgentechnik; Untersuchung von Patientinnen; Hervorhebung seiner Forschungserfolge",Patientin; Krankenschwester; Frik,Wissenschaft,Heroisierung,Nahaufnahme,Wertender Sprecher; Musik,
58798_1_1_DDW_689_BA.eaf,689,1943,5,a95,323.554,386.813,63.259,1.0543166666666666,"Rüstungsindustrie, unbekannter Ort, 1943. Arbeitstagung der deutschen Rüstung; Albert Speer und Vertreter von Militär und Rüstungsindustrie bei der Vorführung und Erprobung neuer Munition",Speer; Soldaten,Rüstungsindustrie,,Massendarstellung; Nahaufnahme; Symbolik,Originalton; Musik; Publikumsreaktion,
58798_1_1_DDW_689_BA.eaf,689,1943,6,a96,389.033,481.191,92.158,1.5359666666666667,"Luftwaffenfelddivision, unbekannter Ort, 1943. Hermann Göring besucht die Ersatz- und Ausbildungsabteilung der nach ihm benannten Panzerdivision; beobachtet die Ausbildung, spricht mit Soldaten, nimmt selbst an einer Schießübung teil und besichtigt einen Jagdpanzer",Göring; Soldaten,Militär,Heroisierung; Personenkult,Massendarstellung; Totale; Nahaufnahme; Kamerabewegung; Symbolik,Musik; Wertender Sprecher,
58798_1_1_DDW_689_BA.eaf,689,1943,7,a97,483.666,541.65,57.984,0.9664,"Heimatfront, Wien, annektiertes Österreich, 1943. Feierlicher Empfang des Ritterkreuzträgers Nowotny in Wien; Begrüßung durch die Bevölkerung, Blumenübergabe und Autogramme; anschließend Verabschiedung von seinen Eltern am Flughafen",Soldaten; Nowotny; Zivilbevölkerung,Heimatfront,Heroisierung,Symbolik; Massendarstellung; Nahaufnahme; Totale; Kamerabewegung,Wertender Sprecher; Musik; Originalton; Publikumsreaktion,
58798_1_1_DDW_689_BA.eaf,689,1943,8,a98,544.374,685.587,141.213,2.35355,"Marinekriegsschule Mürwik, Flensburg, Deutsches Reich, 1943. Ausbildung von Seekadetten an der Marinekriegsschule Mürwik",Soldaten,Militär,,Nahaufnahme; Kamerabewegung; Totale,Musik,
58798_1_1_DDW_689_BA.eaf,689,1943,9,a99,686.922,762.024,75.102,1.2517,"München, Bayern, Deutsches Reich, 1943. Hitler trifft am Vorabend des 9. November in München mit „alten Kämpfern“ der NS-Bewegung zusammen; Rede über die Kriegslage, gegnerische Zusammenbruchsprognosen und den behaupteten zukünftigen Sieg Deutschlands",Hitler; NSDAP,Innenpolitik; Militär,Personenkult; Opferbereitschaft und Durchhalten; Feindbildkonstruktion,Nahaufnahme; Totale; Symbolik; Kamerabewegung; Luftaufnahme,Musik; Originalton; Publikumsreaktion; Wertender Sprecher,
58798_1_1_DDW_689_BA.eaf,689,1943,10,a100,762.898,825.386,62.488,1.0414666666666668,"München, Bayern, Deutsches Reich. Gedenkfeier für die 1923 beim Hitlerputsch getöteten Nationalsozialisten",NSDAP; Soldaten,Innenpolitik,Opferbereitschaft und Durchhalten; Heroisierung,Symbolik; Massendarstellung,Musik; Wertender Sprecher,
58798_1_1_DDW_689_BA.eaf,689,1943,11,a101,826.124,1073.393,247.269,4.12115,"Rückzug, Sowjetunion, 1943. Kämpfe an der Ostfront in Kriwoi Rog",Soldaten; Sowjetische Soldaten; Zivilbevölkerung,Militär; Krieg,Opferbereitschaft und Durchhalten; Heroisierung,Animation; Symbolik; Luftaufnahme; Totale; Nahaufnahme; Kamerabewegung,Musik; Originalton; Wertender Sprecher,
58798_1_1_DDW_689_BA.eaf,689,1943,12,a102,1075.262,1237.226,161.964,2.6994,"Luftkrieg, unbekannter Ort, 1943. Vorbereitung und Einsatz einer deutschen Jagdstaffel gegen alliierte Bomberverbände",Soldaten; alliierte Soldaten,Militär; Krieg,Heroisierung,Nahaufnahme; Totale; Kamerabewegung,Musik; Originalton; Wertender Sprecher,
73233_1_1_DDW_702_BA.eaf,702,1944,1,a91,3.85,224.054,220.204,3.6700666666666666,"Vorfilm: ""Was jeder wissen muss!"" - Rohstoff Holz, Deutsches Reich, 1944. Gewinnung, Transport und industrielle Verarbeitung des Rohstoffs Holz sowie Darstellung seiner vielfältigen Verwendungsmöglichkeiten",Arbeiter,Wirtschaft; Heimatfront,Volksgemeinschaft; Heroisierung,Totale; Nahaufnahme; Kamerabewegung; Produktionsmontage,Musik; Wertender Sprecher; Originalton,
73233_1_1_DDW_702_BA.eaf,702,1944,2,a92,248.549,278.987,30.438,0.5073,"Ehrung, unbekannter Ort, 1944. Darstellung des Künstlers Professor Paul Herrmann bei seiner Arbeit und Würdigung anlässlich seines 80. Geburtstags durch die Verleihung der Goethe-Medaille durch Hitler",Herrmann,Kultur,Heroisierung,Nahaufnahme; Kamerabewegung,Wertender Sprecher; Musik,
73233_1_1_DDW_702_BA.eaf,702,1944,3,a93,280.438,353.553,73.115,1.2185833333333334,"Sport, Berlin, Deutsches Reich, 1944. Eishockeyspiel zwischen dem Berliner Schlittschuh-Club und dem Klagenfurter AC im Rahmen der Deutschen Kriegsmeisterschaft",Sportler; Zivilbevölkerung,Sport,,Totale; Nahaufnahme; Massendarstellung; Kamerabewegung,Musik; Originalton; Publikumsreaktion,
73233_1_1_DDW_702_BA.eaf,702,1944,4,a94,356.001,491.21,135.209,2.2534833333333335,"Sport, Zell am See, annektiertes Österreich, 1944. Skimeisterschaften des Luftgaukommandos in Zell am See mit Torlauf, Langlauf und Abfahrtslauf",Soldaten; Hitlerjugend; NSDAP,Sport,,Massendarstellung; Totale; Nahaufnahme; Kamerabewegung; Symbolik,Musik,
73233_1_1_DDW_702_BA.eaf,702,1944,5,a95,493.463,618.662,125.199,2.08665,"Studium, Heidelberg, Deutsches Reich, 1944. Lehrgang des Langemarck-Studiums der Reichsstudentenführung in Heidelberg",Soldaten; NSDAP,Bildung,Heroisierung; Volksgemeinschaft,Symbolik; Massendarstellung; Nahaufnahme; Kamerabewegung,Musik; Wertender Sprecher,
73233_1_1_DDW_702_BA.eaf,702,1944,6,a96,621.316,678.225,56.909,0.9484833333333333,"Rüstungsindustrie, unbekannter Ort, Deutsches Reich, 1944. Frauen des Reichsarbeitsdienstes im Kriegseinsatz in verschiedenen Bereichen der Heimatfront",junge Frauen,Heimatfront; Wirtschaft; Rüstungsproduktion,Volksgemeinschaft,Symbolik; Nahaufnahme; Massendarstellung,Musik,
73233_1_1_DDW_702_BA.eaf,702,1944,7,a97,679.044,720.138,41.094,0.6849,"Ehrung, Berlin, Deutsches Reich, 1944. Goebbels zeichnet Berliner Bürger und Funktionäre für ihre Verdienste aus",Goebbels; NSDAP; Zivilbevölkerung,Innenpolitik,Heroisierung; Opferbereitschaft und Durchhalten,Nahaufnahme; Symbolik; Massendarstellung; Kamerabewegung,,
73233_1_1_DDW_702_BA.eaf,702,1944,8,a98,721.437,785.122,63.685,1.0614166666666667,"Ehrung, unbekannter Ort, 1944. Verleihung des neu gestifteten Dr.-Fritz-Todt-Preises durch Robert Ley an Ingenieure",NSDAP; Wissenschaftler,Wirtschaft; Wissenschaft,Heroisierung,Symbolik; Nahaufnahme; Kamerabewegung; Totale,Musik; Wertender Sprecher,Auszeichnung für besondere Leistungen auf dem Gebiet kriegswichtiger Erfindungen
73233_1_1_DDW_702_BA.eaf,702,1944,9,a99,787.101,831.717,44.616,0.7436,"Seekrieg, unbekannter Ort, 1944. Großadmiral Karl Dönitz besucht einen Stützpunkt der Kriegsmarine, tritt vor einer großen Zahl von Matrosen auf und verleiht militärische Auszeichnungen",Dönitz; Soldaten,Militär,Heroisierung; Opferbereitschaft und Durchhalten,Massendarstellung; Nahaufnahme; Totale; Kamerabewegung,Musik; Wertender Sprecher,großadmiral ruft seine männer auf alle kräfte einzusetzen für den endsieg
73233_1_1_DDW_702_BA.eaf,702,1944,10,a100,832.474,1063.73,231.256,3.8542666666666667,"Rückzug, Italien, Aprilia/Nettuno,1944. Deutsche Truppen in Abwehrkämpfen im Raum Nettuno/Aprilia",Soldaten; alliierte Soldaten,Militär; Krieg,Heroisierung,Animation; Totale; Massendarstellung; Nahaufnahme; Kamerabewegung,Musik; Wertender Sprecher; Originalton,
73233_1_1_DDW_702_BA.eaf,702,1944,11,a101,1064.634,1137.277,72.643,1.2107166666666667,"Erholung, unbekannter Ort, Sowjetunion (?), 1944. Waffen-SS-Soldaten werden zum Kurzurlaub ins rückwärtige Gebiet geschickt und erhalten dort Erholungs- und Freizeitangebote sowie Pakete für Frontkämpfer",Soldaten,Militär,Heroisierung; Opferbereitschaft und Durchhalten,Animation; Massendarstellung; Nahaufnahme; Totale; Kamerabewegung,Musik; Wertender Sprecher; Originalton; Publikumsreaktion,
73233_1_1_DDW_702_BA.eaf,702,1944,12,a102,1138.85,1352.253,213.403,3.5567166666666665,"Logistik, Witebsk, Sowjetunion, 1944. Darstellung der militärischen Infrastruktur und Versorgung deutscher Soldaten im umkämpften Witebsk sowie anschließender Abwehrkämpfe",Soldaten; Sowjetische Soldaten,Militär; Krieg,Heroisierung; Feindbildkonstruktion,Massendarstellung; Nahaufnahme; Kamerabewegung; Totale,Musik; Wertender Sprecher; Originalton,
58718_1_1_DDW_715_BA.eaf,715,1944,1,a129,21.175,174.08,152.905,2.5484166666666668,"Vorfilm: Der Beruf der Krankenschwester, 1944.",Krankenschwestern; Auszubildende; Ärzte; Patienten; Säuglinge,Heimatfront; Innenpolitik,Volksgemeinschaft; Heroisierung,Kamerabewegung; Totale; Nahaufnahme,Musik; Wertender Sprecher,"Der Beruf der Krankenschwester wird vorgestellt, dazu gehört Unterricht in ""weltanschaulichen"" Unterricht für den Charakter der nationalsozialistischen Schwester"
58718_1_1_DDW_715_BA.eaf,715,1944,2,a130,208.69,273.829,65.139,1.08565,"Zoologischer Garten, Deutsches Reich, 1944.",Zoobesucher; Tierpfleger,Kultur,,Nahaufnahme; Massendarstellung; Totale,Musik,
58718_1_1_DDW_715_BA.eaf,715,1944,3,a131,274.134,324.93,50.796,0.8466,"Postleitzahl, unbekannter Ort, Deutsches Reich, 1944.Briefabgabestelle vor der Einführung der Postleitzahl und Vergleich nach der Einführung",Arbeiter,Innenpolitik,,Nahaufnahme; Massendarstellung; Animation,Musik; Wertender Sprecher,organisatorisch-technische Neuerung der Reichspost mit der Einführung der Postleitzahl positiv dargestellt
58718_1_1_DDW_715_BA.eaf,715,1944,4,a132,325.527,415.89,90.363,1.50605,"Erholungsheim, unbekannter Ort, Deutsches Reich, 1944. Gegenüberstellung angeblich schlechter sozialer Verhältnisse in den USA/England durch Streiks und Straßenschlacht mit der Erholung deutscher Bergarbeiter in einem Erholungsheim",Arbeiter; Zivilbevölkerung,Innenpolitik; Wirtschaft; Außenpolitik,Feindbildkonstruktion; Volksgemeinschaft; Opferbereitschaft und Durchhalten,Massendarstellung; Totale; Nahaufnahme,Wertender Sprecher; Originalton; Musik,
58718_1_1_DDW_715_BA.eaf,715,1944,5,a133,417.213,497.08,79.867,1.3311166666666667,"SA, unbekannter Ort, Deutsches Reich, 1944. Aufruf aller deutschen Männer, jeder Altersgruppe, zur Teilnahme am SA-Wehrschießen in ganz Deutschland",Zivilbevölkerung; SA; Schepmann,Innenpolitik; Militär; Heimatfront,Volksgemeinschaft,Symbolik; Massendarstellung; Nahaufnahme; Kamerabewegung; Totale,Musik; Originalton; Wertender Sprecher,
58718_1_1_DDW_715_BA.eaf,715,1944,6,a134,502.406,577.53,75.124,1.2520666666666667,"Rüstungsindustrie, unbekannter Ort, 1944. Ritterkreuzträger Generalmajor Graf von Strachwitz wird von der Hitler-Jugend und dem Bund deutscher Mädel vor einer Waffenfabrik feierlich begrüßt. Er hält eine Rede vor der Fabrik",Soldaten; Arbeiter; Hitlerjugend; Bund Deutscher Mädel; Strachwitz,Wirtschaft; Militär; Heimatfront,Volksgemeinschaft; Heroisierung; Opferbereitschaft und Durchhalten,Massendarstellung; Nahaufnahme; Symbolik,Originalton; Publikumsreaktion,
58718_1_1_DDW_715_BA.eaf,715,1944,7,a135,578.15,608.585,30.435,0.50725,"Waffen-SS, Frankreich, 1944.Großkundgebung der ""europabewussten"" französischen Jugend. Bereitschaft zum gemeinsamen Kampf gegen einen als „jüdisch-plutokratisch-bolschewistisch“ bezeichneten „Weltfeind“",SS; Jugendliche,Außenpolitik; Militär,Dämonisierung; Feindbildkonstruktion; Rassenideologie,Massendarstellung; Symbolik; Kamerabewegung,Wertender Sprecher; Musik,
58718_1_1_DDW_715_BA.eaf,715,1944,8,a136,609.141,795.4,186.259,3.1043166666666666,"Atlantikwall, unbekannter Ort, 1944. Lagebesprechung und Krieg.",Soldaten; Sperrle; Rommel; Gerd von Rundstedt,Militär; Krieg,Heroisierung; Opferbereitschaft und Durchhalten,Massendarstellung; Symbolik; Nahaufnahme; Totale,Musik; Originalton,
58718_1_1_DDW_715_BA.eaf,715,1944,9,a137,797.282,1055.941,258.659,4.310983333333334,"Rückzug, unbekannter Ort, Sowjetunion, 1944. Abtransport der deutschen Truppen. Sowjets gelang es nicht den Rückzug zu verhindern. Deutsche Soldaten beschützen die Zivilbevölkerung",Soldaten; rumänische Soldaten; Sowjetische Soldaten; sowjetische Zivilbevölkerung,Militär; Krieg,Heroisierung; Opferbereitschaft und Durchhalten,Animation; Nahaufnahme; Totale; Kamerabewegung; Massendarstellung; Luftaufnahme,Musik; Wertender Sprecher; Originalton,
58718_1_1_DDW_715_BA.eaf,715,1944,10,a138,1056.628,1352.542,295.914,4.9319,"Panzergrenadierdivision ""Großdeutschland"", (zwischen Pruth und Moldau?), Sowjetunion, 1944. Abwehrschlacht zwischen Pruth und Moldau",Soldaten; Sowjetische Soldaten; von Mannteufel,Militär; Krieg,Heroisierung; Feindbildkonstruktion,Animation; Nahaufnahme; Luftaufnahme; Totale; Massendarstellung; Kamerabewegung,Originalton; Musik; Wertender Sprecher,
44573_1_1_DDW_728_BA_TC.eaf,728,1944,1,a101,30.166,90.33,60.164,1.0027333333333333,"rntedienst der Hitlerjugend, Deutsches Reich, 1944. HJ und BDM unterstützen bei schwerer körperlicher landwirtschaftlicher Arbeit die Getreideernte im Rahmen des Erntedienstes der Hitlerjugend",Hitlerjugend; Bund Deutscher Mädel,Wirtschaft; Heimatfront,Volksgemeinschaft; Heroisierung,Totale; Kamerabewegung; Nahaufnahme,Musik; Wertender Sprecher,
44573_1_1_DDW_728_BA_TC.eaf,728,1944,2,a102,90.842,207.037,116.195,1.9365833333333333,"Fischerei, Deutsches Reich, 1944. Küsten- und Binnenfischer bei Fang und Verarbeitung",Arbeiter; Backe; NSDAP,Wirtschaft; Heimatfront,Heroisierung; Volksgemeinschaft; Opferbereitschaft und Durchhalten,Totale; Nahaufnahme; Kamerabewegung; Symbolik,Musik; Wertender Sprecher,Arbeit wird lebensgefährlich tituliert und Fischereikapitäne erhalten Auszeichnungen
44573_1_1_DDW_728_BA_TC.eaf,728,1944,3,a103,208.724,278.57,69.846,1.1641,"Varieté, Deutsches Reich, 1944.",Soldaten; Künstler,Heimatfront; Kultur,Volksgemeinschaft,Nahaufnahme; Massendarstellung; Totale; Kamerabewegung; Symbolik,Musik; Wertender Sprecher; Publikumsreaktion; Originalton,
44573_1_1_DDW_728_BA_TC.eaf,728,1944,4,a104,280.266,413.37,133.104,2.2184,"Rückzug, Italien, 1944. Deutsche Flak bekämpft alliierte Flugzeuge und Kämpfe in norditalienischen Ortschaften",Soldaten; alliierte Soldaten,Militär; Krieg,Heroisierung,Animation; Luftaufnahme; Kamerabewegung; Massendarstellung; Nahaufnahme; Symbolik,Musik; Wertender Sprecher; Originalton,
44573_1_1_DDW_728_BA_TC.eaf,728,1944,5,a105,415.586,576.164,160.578,2.6763,"Rückzug, Sowjetunion, 1944. Deutsche Schlachtflieger greifen Bodenziele an, deutsche Infanterie und Panzer im Gefecht",Soldaten; Sowjetische Soldaten,Militär; Krieg,Heroisierung,Animation; Luftaufnahme; Nahaufnahme; Totale; Massendarstellung; Kamerabewegung,Musik; Wertender Sprecher; Originalton,
44573_1_1_DDW_728_BA_TC.eaf,728,1944,6,a106,578.013,788.509,210.496,3.5082666666666666,"Operation Overlord, Frankreich, 1944.",Soldaten; NSDAP; alliierte Soldaten,Militär; Krieg,Heroisierung,Animation; Totale; Massendarstellung; Kamerabewegung; Symbolik,Musik; Originalton; Wertender Sprecher,
71840_1_1_DDW_734_BA.eaf,734,1944,1,a84,34.409,103.302,68.893,1.1482166666666667,"Hitler-Jugend, Kugelbachalm, Deutsches Reich, 1944. Zehnjähriges Bestehen des Landdienstes der Hitlerjugend",Hitlerjugend,Landwirtschaft,Volksgemeinschaft,Nahaufnahme; Totale; Kamerabewegung; Massendarstellung,Musik; Wertender Sprecher,
71840_1_1_DDW_734_BA.eaf,734,1944,2,a85,103.937,269.72,165.783,2.76305,"Rüstungsindustrie, Deutsches Reich, 1944. Ältere Männer und Frauen, darunter Eltern gefallener Soldaten, leisten aufgrund der kriegsbedingten Notwendigkeit, der ""totalen"" Kriegsführung weiterhin ihren Beitrag in Industrie und Produktion",Arbeiter; Zivilbevölkerung,Wirtschaft; Heimatfront,Volksgemeinschaft; Opferbereitschaft und Durchhalten,Nahaufnahme; Kamerabewegung; Totale; Produktionsmontage; Massendarstellung,Musik; Originalton; Wertender Sprecher,
71840_1_1_DDW_734_BA.eaf,734,1944,3,a86,270.539,360.787,90.248,1.5041333333333333,"Rekrutierung, Deutsches Reich, 1944. Aufnahme und Ausrüstung neuer Wehrmachtsrekruten",Soldaten; Zivilbevölkerung,Militär; Heimatfront,Opferbereitschaft und Durchhalten,Massendarstellung; Nahaufnahme; Totale; Kamerabewegung,Musik; Wertender Sprecher,
71840_1_1_DDW_734_BA.eaf,734,1944,4,a87,361.533,463.966,102.433,1.7072166666666666,"Rückzug, Deutsches Reich, Niederlande, Belgien, Luxemburg, Frankreich, 1944. Rückzug der Truppen an der Reichsgrenze, u.a. Pferdewagen, Lastkraftwagen und Autos.",Soldaten; Zivilbevölkerung,Militär; Krieg,Feindbildkonstruktion; Heroisierung; Opferbereitschaft und Durchhalten,Animation; Massendarstellung; Totale; Kamerabewegung; Luftaufnahme,Musik; Wertender Sprecher,
71840_1_1_DDW_734_BA.eaf,734,1944,5,a88,465.076,543.967,78.891,1.31485,"Rückzug, Finnland, Sowjetunion, 1944. Rückzug der Deutschen Truppen aus Finnland und Flucht der Bevölkerung zur schwedischen Grenze aus dargestellter Furcht vor den sowjetischen Machthabern",Soldaten; Zivilbevölkerung,Militär; Außenpolitik; Krieg,Dämonisierung; Opferbereitschaft und Durchhalten; Heroisierung; Feindbildkonstruktion,Animation; Nahaufnahme; Kamerabewegung; Totale; Massendarstellung,Musik; Wertender Sprecher,
71840_1_1_DDW_734_BA.eaf,734,1944,6,a89,545.392,765.147,219.755,3.6625833333333335,"Rückzug, Polen, Deutsches Reich, Sowjetunion, 1944.",Soldaten; Sowjetische Soldaten,Militär; Krieg,Heroisierung; Feindbildkonstruktion; Opferbereitschaft und Durchhalten,Animation; Luftaufnahme; Massendarstellung; Totale; Kamerabewegung,Musik; Originalton; Wertender Sprecher,
60314_1_1_DDW_741_BA.eaf,741,1944,1,a60,32.188,71.607,39.419,0.6569833333333334,"hrung, München, Deutsches Reich, 9.11.1944 Gedenkfeier anlässlich des Jahrestages vom 9.11.1923 in München",Soldaten; NSDAP; Keitel; Giesler,Innenpolitik,Opferbereitschaft und Durchhalten; Heroisierung,Massendarstellung; Symbolik; Totale; Nahaufnahme; Kamerabewegung,Musik; Wertender Sprecher,
60314_1_1_DDW_741_BA.eaf,741,1944,2,a61,71.807,119.6,47.793,0.79655,"Vereidigung, Königsberg, Ostpreußen, Deutsches Reich, 1944. Vereidigung von Volkssturmmännern in Königsberg. Ansprache durch Gauleiter Erich Koch",NSDAP; Koch; Soldaten,Heimatfront; Militär,Opferbereitschaft und Durchhalten; Volksgemeinschaft; Feindbildkonstruktion,Symbolik; Massendarstellung; Totale; Nahaufnahme,Musik; Wertender Sprecher,
60314_1_1_DDW_741_BA.eaf,741,1944,3,a62,120.536,172.905,52.369,0.8728166666666667,"Vereidigung, Danzig, Deutsches Reich, 1944.",NSDAP; Soldaten; Hartmann; Forster; Schepmann,,Volksgemeinschaft; Opferbereitschaft und Durchhalten; Heroisierung,Massendarstellung; Symbolik; Nahaufnahme,Musik; Wertender Sprecher,
60314_1_1_DDW_741_BA.eaf,741,1944,4,a63,175.312,426.397,251.085,4.18475,"Vereidigung, Berlin, Deutsches Reich, 1944. Vereidigung des Berliner Volkssturms auf Hitler; Goebbels beschwört die Kampfbereitschaft von Front und Heimat und die bedingungslose Fortsetzung des Kampfes.",NSDAP; Goebbels; Soldaten,Heimatfront; Militär,Opferbereitschaft und Durchhalten; Volksgemeinschaft; Personenkult; Feindbildkonstruktion; Dämonisierung; Heroisierung,Massendarstellung; Symbolik; Kamerabewegung; Nahaufnahme,Musik; Wertender Sprecher; Originalton; Publikumsreaktion,
60314_1_1_DDW_741_BA.eaf,741,1944,5,a64,426.769,556.857,130.088,2.1681333333333335,"Rückzug, Vogesen, Frankreich, 1944. Deutsche Truppen in Abwehrkämpfen in den Vogesen",Soldaten; anglo-amerikanische Soldaten; Maurer; Feuchtinger,Militär; Krieg,Heroisierung; Feindbildkonstruktion,Animation; Luftaufnahme; Nahaufnahme; Kamerabewegung; Totale; Symbolik,Musik; Wertender Sprecher; Originalton,
60314_1_1_DDW_741_BA.eaf,741,1944,6,a65,558.198,673.271,115.073,1.9178833333333334,"Rückzug, Budapest, Ungarn, 1944.",Soldaten; Sowjetische Soldaten; Zivilbevölkerung,Militär; Krieg; Außenpolitik,Feindbildkonstruktion; Heroisierung,Animation; Symbolik; Nahaufnahme; Luftaufnahme; Totale; Kamerabewegung; Massendarstellung,Musik; Originalton; Wertender Sprecher,
60314_1_1_DDW_741_BA.eaf,741,1944,7,a66,675.069,763.393,88.324,1.4720666666666666,"Rückzug, Goldap, Ostpreußen, Deutsches Reich, 1944.",Soldaten; Sowjetische Soldaten; Zivilbevölkerung,Militär; Krieg,Heroisierung; Opferbereitschaft und Durchhalten,Animation; Nahaufnahme; Massendarstellung; Kamerabewegung,Musik; Wertender Sprecher; Originalton,
73237_1_1_DDW_748_BA.eaf,748,1945,1,a77,9.677,148.929,139.252,2.320866666666667,"Vorfilm: Werbung für die Spinnstoff-Sammlung, 7.-28. Januar 1945, Deutsches Reich, 1944/1945. Aufruf zur Kleiderspende und Volksopfer.",Soldaten; NSDAP; Zivilbevölkerung,Militär; Krieg; Heimatfront,Opferbereitschaft und Durchhalten; Volksgemeinschaft; Heroisierung; Personenkult,Massendarstellung; Symbolik; Nahaufnahme; Totale; Kamerabewegung,Musik; Wertender Sprecher,"Transparent: ""Freiwilligen-Meldestelle Deutscher Volkssturm"". Anstehen vor dem Gebäude und im Inneren. Die Freiwilligen melden sich zum Volkssturm. Volkssturmmänner beim Appell. Transparent: ""Der Ruf des Führers ist uns heiliger Befehl"". Hakenkreuz-Fahnen. Transparent an einer Hauswand: ""Das Volk steht auf - der Sturm bricht los""."
73237_1_1_DDW_748_BA.eaf,748,1945,2,a78,184.049,256.487,72.438,1.2073,"Vereidigung einer Volksgrenadiereinheit, Deutsches Reich, Dezember 1944. die Soldaten schwören Hitler unbedingten Gehorsam und erklären sich bereit, für ihren Eid ihr Leben einzusetzen",Soldaten; Arbeiter,Militär; Heimatfront,Volksgemeinschaft; Opferbereitschaft und Durchhalten; Personenkult,Symbolik; Massendarstellung; Nahaufnahme; Kamerabewegung,Originalton,
73237_1_1_DDW_748_BA.eaf,748,1945,3,a79,257.053,315.97,58.917,0.98195,"Rückzug, Sowjetunion, 1944/1945.Deutsche Truppen bei Gefechten während des Rückzugs an der Ostfront",Soldaten,Militär; Krieg,Heroisierung; Opferbereitschaft und Durchhalten,Animation; Nahaufnahme; Totale; Symbolik,Musik; Wertender Sprecher; Originalton,
73237_1_1_DDW_748_BA.eaf,748,1945,4,a80,317.298,376.931,59.633,0.9938833333333333,"Seekrieg, Ostsee, 1944/1945. Deutsche Schnellboote im Einsatz auf der Ostsee vor Kurland",Soldaten,Militär; Krieg,,Nahaufnahme; Totale; Kamerabewegung; Symbolik,Musik; Originalton,
73237_1_1_DDW_748_BA.eaf,748,1945,5,a81,377.599,493.21,115.611,1.92685,"Kriegsgefangenschaft, Frankreich, 1944/1945. Weihnachten, Frankreich, 1944. Deutsche Soldaten in den Atlantikstützpunkten. Austausch deutscher und amerikanischer Kriegsgefangener, Begrüßung zurückkehrender Grenadiere sowie Weihnachtsfeier und Post aus der Heimat. anschließend Darstellung zerstörter alliierter Hafenanlagen",Soldaten; alliierte Soldaten; Krankenschwestern,Militär; Krieg; Heimatfront,Volksgemeinschaft; Heroisierung,Animation; Nahaufnahme; Totale; Kamerabewegung; Massendarstellung; Symbolik,Musik; Wertender Sprecher,
73237_1_1_DDW_748_BA.eaf,748,1945,6,a82,495.102,703.493,208.391,3.4731833333333335,"Ardennenoffensive, Frankreich, 1944. Deutscher Vormarsch während der Ardennenoffensive",Soldaten; alliierte Soldaten,Militär; Krieg,Heroisierung,Animation; Nahaufnahme; Totale; Kamerabewegung; Symbolik; Massendarstellung,Musik; Wertender Sprecher,
73237_1_1_DDW_748_BA.eaf,748,1945,7,a83,704.208,812.728,108.52,1.8086666666666666,"Operation Bodenplatte, Niederlande/Belgien, 1. Januar 1945. Deutsche Jagd- und Kampfflugzeuge greifen alliierte Flugplätze und Flugzeuge an",Soldaten; alliierte Soldaten,Militär; Krieg,Heroisierung,Symbolik; Luftaufnahme; Totale; Nahaufnahme,Musik; Originalton; Wertender Sprecher,
73360_1_1_DDW_750_BA.eaf,750,1945,1,a63,5.666,75.304,69.638,1.1606333333333334,"Vorfilm: Aufforderung zum Strom sparen zugunsten der Rüstungsindustrie, Deutschland, 1945.",Zeichner,Heimatfront; Wirtschaft; Rüstungsindustrie,Volksgemeinschaft; Opferbereitschaft und Durchhalten,Zeichnung; Animation; Kamerabewegung; Symbolik,Wertender Sprecher; Reimendes Gedicht,
73360_1_1_DDW_750_BA.eaf,750,1945,2,a64,111.053,152.012,40.959,0.68265,"Kriegsbeschädigung, Deutsches Reich, 1945. Zwei einseitig beinamputierte Männer fahren auf Skiern einen Hang hinunter",Soldaten,Heimatfront,Heroisierung; Opferbereitschaft und Durchhalten,Totale; Nahaufnahme; Kamerabewegung,Musik; Wertender Sprecher,
73360_1_1_DDW_750_BA.eaf,750,1945,3,a65,153.867,223.18,69.313,1.1552166666666666,"Volkssturm, Deutsches Reich, 1945.",NSDAP; Zivilbevölkerung; Soldaten,Heimatfront; Militär; Krieg,Volksgemeinschaft; Opferbereitschaft und Durchhalten,Massendarstellung; Nahaufnahme; Kamerabewegung; Totale; Symbolik,Musik; Wertender Sprecher,
73360_1_1_DDW_750_BA.eaf,750,1945,4,a66,224.223,274.786,50.563,0.8427166666666667,"Sprengboote, Niederlande (?), 1945. Vorbereitung und Durchführung eines Sprengbooteinsatzes gegen eine Brücke",Soldaten,Militär; Krieg,Heroisierung; Opferbereitschaft und Durchhalten,Nahaufnahme; Symbolik; Totale,Musik; Wertender Sprecher,
73360_1_1_DDW_750_BA.eaf,750,1945,5,a67,276.229,396.192,119.963,1.9993833333333333,"Bunkeranlage, Deutsches Reich, 1945. Bevölkerung sucht einen Gemeinschaftsbunker auf. Schichtwechsel in einem Bergwerk",Zivilbevölkerung; Arbeiter; Soldaten,Heimatfront; Militär; Innenpolitik,Volksgemeinschaft; Opferbereitschaft und Durchhalten,Nahaufnahme; Kamerabewegung; Totale; Symbolik,Musik; Wertender Sprecher,
73360_1_1_DDW_750_BA.eaf,750,1945,6,a68,397.271,493.844,96.573,1.60955,"Rückzug, Deutsches Reich, Niederlande (?), Frankreich (?), 1945. Deutsche Infanterie während der Rückzugskämpfe",Soldaten; alliierte Soldaten; Zivilbevölkerung,Militär; Krieg; Heimatfront,Opferbereitschaft und Durchhalten; Heroisierung; Feindbildkonstruktion,Nahaufnahme; Symbolik; Massendarstellung; Animation,Musik; Wertender Sprecher,
73360_1_1_DDW_750_BA.eaf,750,1945,7,a69,495.754,715.684,219.93,3.6655,"Rückzug, Deutsches Reich, Polen, 1945. Deutsche Truppen im Abwehrkampf während der sowjetischen Großoffensive",Soldaten; Sowjetische Soldaten,Militär; Krieg,Heroisierung; Feindbildkonstruktion,Animation; Nahaufnahme; Totale; Massendarstellung; Luftaufnahme,Musik; Wertender Sprecher; Originalton,
73232_1_1_DDW_755_BA.eaf,755,1945,1,a82,34.981,105.391,70.41,1.1735,"Entschärfung, Berlin, Deutsches Reich, 1945. Hauptmann Aghta und das Bomben-Sprengkommando Berlin bei der Einsatzvorbereitung und Entschärfung von Blindgängern",Aghta; Zivilbevölkerung; Soldaten,Militär; Heimatfront,Heroisierung; Opferbereitschaft und Durchhalten,Nahaufnahme; Totale; Symbolik; Kamerabewegung,Musik; Wertender Sprecher,Aghta war ein Jahr erblindet durch eine Bombenexplosion und schwerverwundet
73232_1_1_DDW_755_BA.eaf,755,1945,2,a83,106.013,137.261,31.248,0.5208,"Volkssturm, Deutsches Reich, 1945.",Soldaten; Zivilbevölkerung,Heimatfront; Militär,Volksgemeinschaft; Opferbereitschaft und Durchhalten; Heroisierung,Nahaufnahme; Massendarstellung; Totale,Musik; Originalton; Wertender Sprecher,
73232_1_1_DDW_755_BA.eaf,755,1945,3,a84,138.074,251.491,113.417,1.8902833333333333,"Belobigungsszene, Berlin, 1945. Hitler empfängt und belobigt Hitlerjungen für ihren Fronteinsatz. Die Jugendlichen berichten von Kämpfen gegen sowjetische Truppen, Panzervernichtung, Gefallenen sowie freiwilligen Melde- und Versorgungseinsätzen unter feindlichem Beschuss",Hitler; NSDAP; Hitlerjugend,Militär; Heimatfront,Heroisierung; Personenkult; Opferbereitschaft und Durchhalten; Volksgemeinschaft,Nahaufnahme; Totale; Massendarstellung; Symbolik,Musik; Originalton; Wertender Sprecher,
73232_1_1_DDW_755_BA.eaf,755,1945,4,a85,252.301,267.593,15.292,0.2548666666666667,"Ritterkreuzträger, Deutsches Reich, 1945.",Tiburzy,Militär,Heroisierung; Opferbereitschaft und Durchhalten,Symbolik; Nahaufnahme,Musik; Wertender Sprecher,
73232_1_1_DDW_755_BA.eaf,755,1945,5,a86,268.206,310.304,42.098,0.7016333333333333,Vorbereitung und Verteidigung Breslaus,NSDAP; Soldaten; Zivilbevölkerung,Militär; Krieg; Heimatfront,Volksgemeinschaft; Heroisierung; Opferbereitschaft und Durchhalten; Feindbildkonstruktion,Animation; Totale; Nahaufnahme; Massendarstellung; Kamerabewegung; Symbolik,Musik; Wertender Sprecher; Originalton,
73232_1_1_DDW_755_BA.eaf,755,1945,6,a87,311.164,368.69,57.526,0.9587666666666667,"Schlacht um Königsberg, 1945. Verteidigung Königsbergs durch reguläre Soldaten und Volkssturm in der zerstörten Stadt. Verwundetenversorgung und Auszeichnung von Verteidigern. Plakate rufen zum Durchhalten und zur Rache auf",Soldaten; NSDAP; Zivilbevölkerung,Militär; Krieg; Heimatfront,Volksgemeinschaft; Heroisierung; Feindbildkonstruktion; Opferbereitschaft und Durchhalten,Nahaufnahme; Kamerabewegung; Totale; Massendarstellung,Musik; Wertender Sprecher; Originalton,
73232_1_1_DDW_755_BA.eaf,755,1945,7,a88,369.481,481.732,112.251,1.87085,"Evakuierung, Ostsee, 1945. Die Kriegsmarine evakuiert Flüchtlinge aus Ost- und Westpreußen über die Ostsee",Soldaten; Zivilbevölkerung,Krieg; Militär; Heimatfront,Volksgemeinschaft; Heroisierung,,Musik; Wertender Sprecher,
73232_1_1_DDW_755_BA.eaf,755,1945,8,a89,482.807,507.291,24.484,0.4080666666666667,"Logistik, Deutsches Reich, 1945. Militärischer Nachschub mit Panzern und Fahrzeugen in der Gefechtszone. Ein Transparent fordert zum Schutz von Frauen und Kindern vor den als „rote Bestien“ bezeichneten Gegnern auf",Soldaten; Zivilbevölkerung,Militär; Krieg; Heimatfront,Feindbildkonstruktion; Dämonisierung; Opferbereitschaft und Durchhalten,Totale; Kamerabewegung; Symbolik,Musik; Wertender Sprecher,
73232_1_1_DDW_755_BA.eaf,755,1945,9,a90,508.329,551.987,43.658,0.7276333333333334,"Missbrauch, Deutsches Reich, 1945. Frauen berichten in einem Interview von Vergewaltigungen und Misshandlungen durch gegnerische Soldaten, parallel werden getötete Zivilisten und Verwüstungen gezeigt",Frauen; Reporter,Heimatfront,Feindbildkonstruktion; Dämonisierung,Nahaufnahme; Kamerabewegung,Musik; Originalton; Wertender Sprecher,"In diesem Segment werden die Täter namentlich nicht genannt, im Kontext zum vorherigen Segment ist die Verbindung mit zu ""rote Bestien"" aber auf sowjetische Soldaten klar zu verweisen"
73232_1_1_DDW_755_BA.eaf,755,1945,10,a91,552.859,656.841,103.982,1.7330333333333334,"Schlacht um Stettin, Deutsches Reich, 1945. Deutsche Soldaten beim Abwehrkampf am Bahndamm von Altdamm",Soldaten,Militär; Krieg,Heroisierung; Opferbereitschaft und Durchhalten; Volksgemeinschaft,Symbolik; Massendarstellung; Nahaufnahme; Totale,Musik; Wertender Sprecher; Originalton,
